agent,step,total_games,alive_games,survival_probability
expectimax,0,3000,3000,1.0
expectimax,1,3000,3000,1.0
expectimax,2,3000,3000,1.0
expectimax,3,3000,3000,1.0
expectimax,4,3000,3000,1.0
expectimax,5,3000,3000,1.0
expectimax,6,3000,3000,1.0
expectimax,7,3000,3000,1.0
expectimax,8,3000,3000,1.0
expectimax,9,3000,3000,1.0
expectimax,10,3000,3000,1.0
expectimax,11,3000,3000,1.0
expectimax,12,3000,3000,1.0
expectimax,13,3000,3000,1.0
expectimax,14,3000,3000,1.0
expectimax,15,3000,3000,1.0
expectimax,16,3000,3000,1.0
expectimax,17,3000,3000,1.0
expectimax,18,3000,3000,1.0
expectimax,19,3000,3000,1.0
expectimax,20,3000,3000,1.0
expectimax,21,3000,3000,1.0
expectimax,22,3000,3000,1.0
expectimax,23,3000,3000,1.0
expectimax,24,3000,3000,1.0
expectimax,25,3000,3000,1.0
expectimax,26,3000,3000,1.0
expectimax,27,3000,3000,1.0
expectimax,28,3000,3000,1.0
expectimax,29,3000,3000,1.0
expectimax,30,3000,3000,1.0
expectimax,31,3000,3000,1.0
expectimax,32,3000,3000,1.0
expectimax,33,3000,3000,1.0
expectimax,34,3000,3000,1.0
expectimax,35,3000,3000,1.0
expectimax,36,3000,3000,1.0
expectimax,37,3000,3000,1.0
expectimax,38,3000,3000,1.0
expectimax,39,3000,3000,1.0
expectimax,40,3000,3000,1.0
expectimax,41,3000,3000,1.0
expectimax,42,3000,3000,1.0
expectimax,43,3000,3000,1.0
expectimax,44,3000,3000,1.0
expectimax,45,3000,3000,1.0
expectimax,46,3000,3000,1.0
expectimax,47,3000,3000,1.0
expectimax,48,3000,3000,1.0
expectimax,49,3000,3000,1.0
expectimax,50,3000,3000,1.0
expectimax,51,3000,3000,1.0
expectimax,52,3000,3000,1.0
expectimax,53,3000,3000,1.0
expectimax,54,3000,3000,1.0
expectimax,55,3000,3000,1.0
expectimax,56,3000,3000,1.0
expectimax,57,3000,3000,1.0
expectimax,58,3000,3000,1.0
expectimax,59,3000,3000,1.0
expectimax,60,3000,3000,1.0
expectimax,61,3000,3000,1.0
expectimax,62,3000,3000,1.0
expectimax,63,3000,3000,1.0
expectimax,64,3000,3000,1.0
expectimax,65,3000,3000,1.0
expectimax,66,3000,3000,1.0
expectimax,67,3000,3000,1.0
expectimax,68,3000,3000,1.0
expectimax,69,3000,3000,1.0
expectimax,70,3000,3000,1.0
expectimax,71,3000,3000,1.0
expectimax,72,3000,3000,1.0
expectimax,73,3000,3000,1.0
expectimax,74,3000,3000,1.0
expectimax,75,3000,3000,1.0
expectimax,76,3000,3000,1.0
expectimax,77,3000,3000,1.0
expectimax,78,3000,3000,1.0
expectimax,79,3000,3000,1.0
expectimax,80,3000,3000,1.0
expectimax,81,3000,3000,1.0
expectimax,82,3000,3000,1.0
expectimax,83,3000,3000,1.0
expectimax,84,3000,3000,1.0
expectimax,85,3000,3000,1.0
expectimax,86,3000,3000,1.0
expectimax,87,3000,3000,1.0
expectimax,88,3000,3000,1.0
expectimax,89,3000,3000,1.0
expectimax,90,3000,3000,1.0
expectimax,91,3000,3000,1.0
expectimax,92,3000,3000,1.0
expectimax,93,3000,3000,1.0
expectimax,94,3000,3000,1.0
expectimax,95,3000,3000,1.0
expectimax,96,3000,3000,1.0
expectimax,97,3000,3000,1.0
expectimax,98,3000,3000,1.0
expectimax,99,3000,3000,1.0
expectimax,100,3000,3000,1.0
expectimax,101,3000,3000,1.0
expectimax,102,3000,3000,1.0
expectimax,103,3000,3000,1.0
expectimax,104,3000,3000,1.0
expectimax,105,3000,3000,1.0
expectimax,106,3000,3000,1.0
expectimax,107,3000,3000,1.0
expectimax,108,3000,3000,1.0
expectimax,109,3000,3000,1.0
expectimax,110,3000,3000,1.0
expectimax,111,3000,3000,1.0
expectimax,112,3000,3000,1.0
expectimax,113,3000,3000,1.0
expectimax,114,3000,3000,1.0
expectimax,115,3000,3000,1.0
expectimax,116,3000,3000,1.0
expectimax,117,3000,3000,1.0
expectimax,118,3000,3000,1.0
expectimax,119,3000,3000,1.0
expectimax,120,3000,3000,1.0
expectimax,121,3000,3000,1.0
expectimax,122,3000,3000,1.0
expectimax,123,3000,3000,1.0
expectimax,124,3000,3000,1.0
expectimax,125,3000,3000,1.0
expectimax,126,3000,3000,1.0
expectimax,127,3000,3000,1.0
expectimax,128,3000,3000,1.0
expectimax,129,3000,3000,1.0
expectimax,130,3000,3000,1.0
expectimax,131,3000,3000,1.0
expectimax,132,3000,3000,1.0
expectimax,133,3000,3000,1.0
expectimax,134,3000,3000,1.0
expectimax,135,3000,3000,1.0
expectimax,136,3000,3000,1.0
expectimax,137,3000,3000,1.0
expectimax,138,3000,3000,1.0
expectimax,139,3000,3000,1.0
expectimax,140,3000,3000,1.0
expectimax,141,3000,3000,1.0
expectimax,142,3000,3000,1.0
expectimax,143,3000,3000,1.0
expectimax,144,3000,3000,1.0
expectimax,145,3000,3000,1.0
expectimax,146,3000,3000,1.0
expectimax,147,3000,3000,1.0
expectimax,148,3000,3000,1.0
expectimax,149,3000,3000,1.0
expectimax,150,3000,3000,1.0
expectimax,151,3000,3000,1.0
expectimax,152,3000,3000,1.0
expectimax,153,3000,3000,1.0
expectimax,154,3000,3000,1.0
expectimax,155,3000,3000,1.0
expectimax,156,3000,3000,1.0
expectimax,157,3000,3000,1.0
expectimax,158,3000,3000,1.0
expectimax,159,3000,3000,1.0
expectimax,160,3000,3000,1.0
expectimax,161,3000,3000,1.0
expectimax,162,3000,3000,1.0
expectimax,163,3000,3000,1.0
expectimax,164,3000,3000,1.0
expectimax,165,3000,3000,1.0
expectimax,166,3000,3000,1.0
expectimax,167,3000,3000,1.0
expectimax,168,3000,3000,1.0
expectimax,169,3000,3000,1.0
expectimax,170,3000,3000,1.0
expectimax,171,3000,3000,1.0
expectimax,172,3000,3000,1.0
expectimax,173,3000,3000,1.0
expectimax,174,3000,3000,1.0
expectimax,175,3000,3000,1.0
expectimax,176,3000,3000,1.0
expectimax,177,3000,3000,1.0
expectimax,178,3000,3000,1.0
expectimax,179,3000,3000,1.0
expectimax,180,3000,3000,1.0
expectimax,181,3000,3000,1.0
expectimax,182,3000,3000,1.0
expectimax,183,3000,3000,1.0
expectimax,184,3000,3000,1.0
expectimax,185,3000,3000,1.0
expectimax,186,3000,3000,1.0
expectimax,187,3000,3000,1.0
expectimax,188,3000,3000,1.0
expectimax,189,3000,3000,1.0
expectimax,190,3000,3000,1.0
expectimax,191,3000,3000,1.0
expectimax,192,3000,3000,1.0
expectimax,193,3000,3000,1.0
expectimax,194,3000,3000,1.0
expectimax,195,3000,2999,0.9996666666666667
expectimax,196,3000,2999,0.9996666666666667
expectimax,197,3000,2999,0.9996666666666667
expectimax,198,3000,2999,0.9996666666666667
expectimax,199,3000,2999,0.9996666666666667
expectimax,200,3000,2999,0.9996666666666667
expectimax,201,3000,2999,0.9996666666666667
expectimax,202,3000,2999,0.9996666666666667
expectimax,203,3000,2999,0.9996666666666667
expectimax,204,3000,2999,0.9996666666666667
expectimax,205,3000,2999,0.9996666666666667
expectimax,206,3000,2999,0.9996666666666667
expectimax,207,3000,2999,0.9996666666666667
expectimax,208,3000,2999,0.9996666666666667
expectimax,209,3000,2999,0.9996666666666667
expectimax,210,3000,2999,0.9996666666666667
expectimax,211,3000,2999,0.9996666666666667
expectimax,212,3000,2999,0.9996666666666667
expectimax,213,3000,2999,0.9996666666666667
expectimax,214,3000,2999,0.9996666666666667
expectimax,215,3000,2999,0.9996666666666667
expectimax,216,3000,2999,0.9996666666666667
expectimax,217,3000,2999,0.9996666666666667
expectimax,218,3000,2999,0.9996666666666667
expectimax,219,3000,2999,0.9996666666666667
expectimax,220,3000,2999,0.9996666666666667
expectimax,221,3000,2999,0.9996666666666667
expectimax,222,3000,2999,0.9996666666666667
expectimax,223,3000,2999,0.9996666666666667
expectimax,224,3000,2999,0.9996666666666667
expectimax,225,3000,2999,0.9996666666666667
expectimax,226,3000,2998,0.9993333333333333
expectimax,227,3000,2998,0.9993333333333333
expectimax,228,3000,2998,0.9993333333333333
expectimax,229,3000,2996,0.9986666666666667
expectimax,230,3000,2996,0.9986666666666667
expectimax,231,3000,2996,0.9986666666666667
expectimax,232,3000,2996,0.9986666666666667
expectimax,233,3000,2995,0.9983333333333333
expectimax,234,3000,2995,0.9983333333333333
expectimax,235,3000,2995,0.9983333333333333
expectimax,236,3000,2994,0.998
expectimax,237,3000,2994,0.998
expectimax,238,3000,2993,0.9976666666666667
expectimax,239,3000,2992,0.9973333333333333
expectimax,240,3000,2992,0.9973333333333333
expectimax,241,3000,2991,0.997
expectimax,242,3000,2987,0.9956666666666667
expectimax,243,3000,2986,0.9953333333333333
expectimax,244,3000,2986,0.9953333333333333
expectimax,245,3000,2984,0.9946666666666667
expectimax,246,3000,2983,0.9943333333333333
expectimax,247,3000,2982,0.994
expectimax,248,3000,2982,0.994
expectimax,249,3000,2982,0.994
expectimax,250,3000,2981,0.9936666666666667
expectimax,251,3000,2979,0.993
expectimax,252,3000,2979,0.993
expectimax,253,3000,2978,0.9926666666666667
expectimax,254,3000,2977,0.9923333333333333
expectimax,255,3000,2977,0.9923333333333333
expectimax,256,3000,2977,0.9923333333333333
expectimax,257,3000,2977,0.9923333333333333
expectimax,258,3000,2976,0.992
expectimax,259,3000,2975,0.9916666666666667
expectimax,260,3000,2975,0.9916666666666667
expectimax,261,3000,2975,0.9916666666666667
expectimax,262,3000,2974,0.9913333333333333
expectimax,263,3000,2974,0.9913333333333333
expectimax,264,3000,2974,0.9913333333333333
expectimax,265,3000,2974,0.9913333333333333
expectimax,266,3000,2973,0.991
expectimax,267,3000,2973,0.991
expectimax,268,3000,2973,0.991
expectimax,269,3000,2973,0.991
expectimax,270,3000,2973,0.991
expectimax,271,3000,2972,0.9906666666666667
expectimax,272,3000,2972,0.9906666666666667
expectimax,273,3000,2971,0.9903333333333333
expectimax,274,3000,2971,0.9903333333333333
expectimax,275,3000,2970,0.99
expectimax,276,3000,2970,0.99
expectimax,277,3000,2970,0.99
expectimax,278,3000,2970,0.99
expectimax,279,3000,2970,0.99
expectimax,280,3000,2969,0.9896666666666667
expectimax,281,3000,2969,0.9896666666666667
expectimax,282,3000,2969,0.9896666666666667
expectimax,283,3000,2969,0.9896666666666667
expectimax,284,3000,2969,0.9896666666666667
expectimax,285,3000,2969,0.9896666666666667
expectimax,286,3000,2969,0.9896666666666667
expectimax,287,3000,2969,0.9896666666666667
expectimax,288,3000,2969,0.9896666666666667
expectimax,289,3000,2969,0.9896666666666667
expectimax,290,3000,2969,0.9896666666666667
expectimax,291,3000,2969,0.9896666666666667
expectimax,292,3000,2969,0.9896666666666667
expectimax,293,3000,2969,0.9896666666666667
expectimax,294,3000,2969,0.9896666666666667
expectimax,295,3000,2969,0.9896666666666667
expectimax,296,3000,2969,0.9896666666666667
expectimax,297,3000,2969,0.9896666666666667
expectimax,298,3000,2969,0.9896666666666667
expectimax,299,3000,2969,0.9896666666666667
expectimax,300,3000,2969,0.9896666666666667
expectimax,301,3000,2969,0.9896666666666667
expectimax,302,3000,2969,0.9896666666666667
expectimax,303,3000,2969,0.9896666666666667
expectimax,304,3000,2969,0.9896666666666667
expectimax,305,3000,2969,0.9896666666666667
expectimax,306,3000,2969,0.9896666666666667
expectimax,307,3000,2969,0.9896666666666667
expectimax,308,3000,2968,0.9893333333333333
expectimax,309,3000,2968,0.9893333333333333
expectimax,310,3000,2968,0.9893333333333333
expectimax,311,3000,2968,0.9893333333333333
expectimax,312,3000,2968,0.9893333333333333
expectimax,313,3000,2968,0.9893333333333333
expectimax,314,3000,2968,0.9893333333333333
expectimax,315,3000,2968,0.9893333333333333
expectimax,316,3000,2968,0.9893333333333333
expectimax,317,3000,2968,0.9893333333333333
expectimax,318,3000,2968,0.9893333333333333
expectimax,319,3000,2968,0.9893333333333333
expectimax,320,3000,2968,0.9893333333333333
expectimax,321,3000,2968,0.9893333333333333
expectimax,322,3000,2968,0.9893333333333333
expectimax,323,3000,2968,0.9893333333333333
expectimax,324,3000,2968,0.9893333333333333
expectimax,325,3000,2968,0.9893333333333333
expectimax,326,3000,2968,0.9893333333333333
expectimax,327,3000,2968,0.9893333333333333
expectimax,328,3000,2968,0.9893333333333333
expectimax,329,3000,2968,0.9893333333333333
expectimax,330,3000,2968,0.9893333333333333
expectimax,331,3000,2968,0.9893333333333333
expectimax,332,3000,2968,0.9893333333333333
expectimax,333,3000,2968,0.9893333333333333
expectimax,334,3000,2968,0.9893333333333333
expectimax,335,3000,2968,0.9893333333333333
expectimax,336,3000,2968,0.9893333333333333
expectimax,337,3000,2966,0.9886666666666667
expectimax,338,3000,2966,0.9886666666666667
expectimax,339,3000,2964,0.988
expectimax,340,3000,2963,0.9876666666666667
expectimax,341,3000,2962,0.9873333333333333
expectimax,342,3000,2962,0.9873333333333333
expectimax,343,3000,2962,0.9873333333333333
expectimax,344,3000,2960,0.9866666666666667
expectimax,345,3000,2960,0.9866666666666667
expectimax,346,3000,2959,0.9863333333333333
expectimax,347,3000,2959,0.9863333333333333
expectimax,348,3000,2959,0.9863333333333333
expectimax,349,3000,2958,0.986
expectimax,350,3000,2956,0.9853333333333333
expectimax,351,3000,2956,0.9853333333333333
expectimax,352,3000,2956,0.9853333333333333
expectimax,353,3000,2955,0.985
expectimax,354,3000,2954,0.9846666666666667
expectimax,355,3000,2953,0.9843333333333333
expectimax,356,3000,2951,0.9836666666666667
expectimax,357,3000,2950,0.9833333333333333
expectimax,358,3000,2947,0.9823333333333333
expectimax,359,3000,2947,0.9823333333333333
expectimax,360,3000,2946,0.982
expectimax,361,3000,2945,0.9816666666666667
expectimax,362,3000,2943,0.981
expectimax,363,3000,2943,0.981
expectimax,364,3000,2943,0.981
expectimax,365,3000,2942,0.9806666666666667
expectimax,366,3000,2942,0.9806666666666667
expectimax,367,3000,2942,0.9806666666666667
expectimax,368,3000,2940,0.98
expectimax,369,3000,2939,0.9796666666666667
expectimax,370,3000,2939,0.9796666666666667
expectimax,371,3000,2939,0.9796666666666667
expectimax,372,3000,2938,0.9793333333333333
expectimax,373,3000,2938,0.9793333333333333
expectimax,374,3000,2938,0.9793333333333333
expectimax,375,3000,2938,0.9793333333333333
expectimax,376,3000,2938,0.9793333333333333
expectimax,377,3000,2937,0.979
expectimax,378,3000,2937,0.979
expectimax,379,3000,2937,0.979
expectimax,380,3000,2936,0.9786666666666667
expectimax,381,3000,2936,0.9786666666666667
expectimax,382,3000,2936,0.9786666666666667
expectimax,383,3000,2936,0.9786666666666667
expectimax,384,3000,2936,0.9786666666666667
expectimax,385,3000,2936,0.9786666666666667
expectimax,386,3000,2936,0.9786666666666667
expectimax,387,3000,2936,0.9786666666666667
expectimax,388,3000,2936,0.9786666666666667
expectimax,389,3000,2936,0.9786666666666667
expectimax,390,3000,2936,0.9786666666666667
expectimax,391,3000,2936,0.9786666666666667
expectimax,392,3000,2935,0.9783333333333334
expectimax,393,3000,2934,0.978
expectimax,394,3000,2934,0.978
expectimax,395,3000,2934,0.978
expectimax,396,3000,2933,0.9776666666666667
expectimax,397,3000,2932,0.9773333333333334
expectimax,398,3000,2932,0.9773333333333334
expectimax,399,3000,2931,0.977
expectimax,400,3000,2928,0.976
expectimax,401,3000,2926,0.9753333333333334
expectimax,402,3000,2924,0.9746666666666667
expectimax,403,3000,2924,0.9746666666666667
expectimax,404,3000,2923,0.9743333333333334
expectimax,405,3000,2923,0.9743333333333334
expectimax,406,3000,2923,0.9743333333333334
expectimax,407,3000,2922,0.974
expectimax,408,3000,2922,0.974
expectimax,409,3000,2920,0.9733333333333334
expectimax,410,3000,2920,0.9733333333333334
expectimax,411,3000,2919,0.973
expectimax,412,3000,2919,0.973
expectimax,413,3000,2919,0.973
expectimax,414,3000,2918,0.9726666666666667
expectimax,415,3000,2918,0.9726666666666667
expectimax,416,3000,2915,0.9716666666666667
expectimax,417,3000,2914,0.9713333333333334
expectimax,418,3000,2913,0.971
expectimax,419,3000,2913,0.971
expectimax,420,3000,2913,0.971
expectimax,421,3000,2911,0.9703333333333334
expectimax,422,3000,2911,0.9703333333333334
expectimax,423,3000,2908,0.9693333333333334
expectimax,424,3000,2905,0.9683333333333334
expectimax,425,3000,2904,0.968
expectimax,426,3000,2902,0.9673333333333334
expectimax,427,3000,2902,0.9673333333333334
expectimax,428,3000,2901,0.967
expectimax,429,3000,2901,0.967
expectimax,430,3000,2899,0.9663333333333334
expectimax,431,3000,2897,0.9656666666666667
expectimax,432,3000,2895,0.965
expectimax,433,3000,2890,0.9633333333333334
expectimax,434,3000,2886,0.962
expectimax,435,3000,2881,0.9603333333333334
expectimax,436,3000,2879,0.9596666666666667
expectimax,437,3000,2872,0.9573333333333334
expectimax,438,3000,2870,0.9566666666666667
expectimax,439,3000,2868,0.956
expectimax,440,3000,2859,0.953
expectimax,441,3000,2850,0.95
expectimax,442,3000,2845,0.9483333333333334
expectimax,443,3000,2838,0.946
expectimax,444,3000,2835,0.945
expectimax,445,3000,2829,0.943
expectimax,446,3000,2825,0.9416666666666667
expectimax,447,3000,2815,0.9383333333333334
expectimax,448,3000,2810,0.9366666666666666
expectimax,449,3000,2805,0.935
expectimax,450,3000,2793,0.931
expectimax,451,3000,2776,0.9253333333333333
expectimax,452,3000,2767,0.9223333333333333
expectimax,453,3000,2754,0.918
expectimax,454,3000,2744,0.9146666666666666
expectimax,455,3000,2733,0.911
expectimax,456,3000,2725,0.9083333333333333
expectimax,457,3000,2714,0.9046666666666666
expectimax,458,3000,2707,0.9023333333333333
expectimax,459,3000,2702,0.9006666666666666
expectimax,460,3000,2691,0.897
expectimax,461,3000,2682,0.894
expectimax,462,3000,2672,0.8906666666666667
expectimax,463,3000,2667,0.889
expectimax,464,3000,2657,0.8856666666666667
expectimax,465,3000,2648,0.8826666666666667
expectimax,466,3000,2636,0.8786666666666667
expectimax,467,3000,2631,0.877
expectimax,468,3000,2621,0.8736666666666667
expectimax,469,3000,2616,0.872
expectimax,470,3000,2611,0.8703333333333333
expectimax,471,3000,2602,0.8673333333333333
expectimax,472,3000,2595,0.865
expectimax,473,3000,2588,0.8626666666666667
expectimax,474,3000,2580,0.86
expectimax,475,3000,2572,0.8573333333333333
expectimax,476,3000,2567,0.8556666666666667
expectimax,477,3000,2559,0.853
expectimax,478,3000,2556,0.852
expectimax,479,3000,2550,0.85
expectimax,480,3000,2548,0.8493333333333334
expectimax,481,3000,2544,0.848
expectimax,482,3000,2540,0.8466666666666667
expectimax,483,3000,2534,0.8446666666666667
expectimax,484,3000,2532,0.844
expectimax,485,3000,2524,0.8413333333333334
expectimax,486,3000,2523,0.841
expectimax,487,3000,2520,0.84
expectimax,488,3000,2519,0.8396666666666667
expectimax,489,3000,2517,0.839
expectimax,490,3000,2514,0.838
expectimax,491,3000,2511,0.837
expectimax,492,3000,2509,0.8363333333333334
expectimax,493,3000,2506,0.8353333333333334
expectimax,494,3000,2503,0.8343333333333334
expectimax,495,3000,2502,0.834
expectimax,496,3000,2499,0.833
expectimax,497,3000,2497,0.8323333333333334
expectimax,498,3000,2494,0.8313333333333334
expectimax,499,3000,2492,0.8306666666666667
expectimax,500,3000,2492,0.8306666666666667
expectimax,501,3000,2492,0.8306666666666667
expectimax,502,3000,2492,0.8306666666666667
expectimax,503,3000,2489,0.8296666666666667
expectimax,504,3000,2486,0.8286666666666667
expectimax,505,3000,2485,0.8283333333333334
expectimax,506,3000,2485,0.8283333333333334
expectimax,507,3000,2484,0.828
expectimax,508,3000,2484,0.828
expectimax,509,3000,2482,0.8273333333333334
expectimax,510,3000,2481,0.827
expectimax,511,3000,2481,0.827
expectimax,512,3000,2481,0.827
expectimax,513,3000,2481,0.827
expectimax,514,3000,2481,0.827
expectimax,515,3000,2481,0.827
expectimax,516,3000,2481,0.827
expectimax,517,3000,2479,0.8263333333333334
expectimax,518,3000,2478,0.826
expectimax,519,3000,2478,0.826
expectimax,520,3000,2478,0.826
expectimax,521,3000,2477,0.8256666666666667
expectimax,522,3000,2477,0.8256666666666667
expectimax,523,3000,2477,0.8256666666666667
expectimax,524,3000,2477,0.8256666666666667
expectimax,525,3000,2477,0.8256666666666667
expectimax,526,3000,2477,0.8256666666666667
expectimax,527,3000,2477,0.8256666666666667
expectimax,528,3000,2477,0.8256666666666667
expectimax,529,3000,2477,0.8256666666666667
expectimax,530,3000,2477,0.8256666666666667
expectimax,531,3000,2477,0.8256666666666667
expectimax,532,3000,2477,0.8256666666666667
expectimax,533,3000,2477,0.8256666666666667
expectimax,534,3000,2477,0.8256666666666667
expectimax,535,3000,2477,0.8256666666666667
expectimax,536,3000,2477,0.8256666666666667
expectimax,537,3000,2477,0.8256666666666667
expectimax,538,3000,2477,0.8256666666666667
expectimax,539,3000,2477,0.8256666666666667
expectimax,540,3000,2477,0.8256666666666667
expectimax,541,3000,2477,0.8256666666666667
expectimax,542,3000,2477,0.8256666666666667
expectimax,543,3000,2477,0.8256666666666667
expectimax,544,3000,2475,0.825
expectimax,545,3000,2475,0.825
expectimax,546,3000,2475,0.825
expectimax,547,3000,2475,0.825
expectimax,548,3000,2475,0.825
expectimax,549,3000,2472,0.824
expectimax,550,3000,2472,0.824
expectimax,551,3000,2472,0.824
expectimax,552,3000,2472,0.824
expectimax,553,3000,2472,0.824
expectimax,554,3000,2472,0.824
expectimax,555,3000,2472,0.824
expectimax,556,3000,2472,0.824
expectimax,557,3000,2471,0.8236666666666667
expectimax,558,3000,2471,0.8236666666666667
expectimax,559,3000,2471,0.8236666666666667
expectimax,560,3000,2471,0.8236666666666667
expectimax,561,3000,2471,0.8236666666666667
expectimax,562,3000,2470,0.8233333333333334
expectimax,563,3000,2470,0.8233333333333334
expectimax,564,3000,2469,0.823
expectimax,565,3000,2469,0.823
expectimax,566,3000,2469,0.823
expectimax,567,3000,2469,0.823
expectimax,568,3000,2469,0.823
expectimax,569,3000,2469,0.823
expectimax,570,3000,2468,0.8226666666666667
expectimax,571,3000,2467,0.8223333333333334
expectimax,572,3000,2467,0.8223333333333334
expectimax,573,3000,2467,0.8223333333333334
expectimax,574,3000,2467,0.8223333333333334
expectimax,575,3000,2467,0.8223333333333334
expectimax,576,3000,2467,0.8223333333333334
expectimax,577,3000,2466,0.822
expectimax,578,3000,2466,0.822
expectimax,579,3000,2466,0.822
expectimax,580,3000,2464,0.8213333333333334
expectimax,581,3000,2464,0.8213333333333334
expectimax,582,3000,2464,0.8213333333333334
expectimax,583,3000,2464,0.8213333333333334
expectimax,584,3000,2463,0.821
expectimax,585,3000,2463,0.821
expectimax,586,3000,2463,0.821
expectimax,587,3000,2463,0.821
expectimax,588,3000,2463,0.821
expectimax,589,3000,2462,0.8206666666666667
expectimax,590,3000,2462,0.8206666666666667
expectimax,591,3000,2462,0.8206666666666667
expectimax,592,3000,2462,0.8206666666666667
expectimax,593,3000,2462,0.8206666666666667
expectimax,594,3000,2462,0.8206666666666667
expectimax,595,3000,2462,0.8206666666666667
expectimax,596,3000,2462,0.8206666666666667
expectimax,597,3000,2462,0.8206666666666667
expectimax,598,3000,2461,0.8203333333333334
expectimax,599,3000,2461,0.8203333333333334
expectimax,600,3000,2461,0.8203333333333334
expectimax,601,3000,2461,0.8203333333333334
expectimax,602,3000,2461,0.8203333333333334
expectimax,603,3000,2460,0.82
expectimax,604,3000,2460,0.82
expectimax,605,3000,2460,0.82
expectimax,606,3000,2459,0.8196666666666667
expectimax,607,3000,2459,0.8196666666666667
expectimax,608,3000,2458,0.8193333333333334
expectimax,609,3000,2456,0.8186666666666667
expectimax,610,3000,2455,0.8183333333333334
expectimax,611,3000,2454,0.818
expectimax,612,3000,2453,0.8176666666666667
expectimax,613,3000,2451,0.817
expectimax,614,3000,2450,0.8166666666666667
expectimax,615,3000,2449,0.8163333333333334
expectimax,616,3000,2447,0.8156666666666667
expectimax,617,3000,2444,0.8146666666666667
expectimax,618,3000,2444,0.8146666666666667
expectimax,619,3000,2442,0.814
expectimax,620,3000,2440,0.8133333333333334
expectimax,621,3000,2438,0.8126666666666666
expectimax,622,3000,2438,0.8126666666666666
expectimax,623,3000,2436,0.812
expectimax,624,3000,2435,0.8116666666666666
expectimax,625,3000,2434,0.8113333333333334
expectimax,626,3000,2433,0.811
expectimax,627,3000,2432,0.8106666666666666
expectimax,628,3000,2432,0.8106666666666666
expectimax,629,3000,2432,0.8106666666666666
expectimax,630,3000,2431,0.8103333333333333
expectimax,631,3000,2431,0.8103333333333333
expectimax,632,3000,2430,0.81
expectimax,633,3000,2430,0.81
expectimax,634,3000,2430,0.81
expectimax,635,3000,2428,0.8093333333333333
expectimax,636,3000,2426,0.8086666666666666
expectimax,637,3000,2425,0.8083333333333333
expectimax,638,3000,2424,0.808
expectimax,639,3000,2423,0.8076666666666666
expectimax,640,3000,2423,0.8076666666666666
expectimax,641,3000,2422,0.8073333333333333
expectimax,642,3000,2421,0.807
expectimax,643,3000,2419,0.8063333333333333
expectimax,644,3000,2417,0.8056666666666666
expectimax,645,3000,2413,0.8043333333333333
expectimax,646,3000,2411,0.8036666666666666
expectimax,647,3000,2408,0.8026666666666666
expectimax,648,3000,2406,0.802
expectimax,649,3000,2401,0.8003333333333333
expectimax,650,3000,2396,0.7986666666666666
expectimax,651,3000,2393,0.7976666666666666
expectimax,652,3000,2390,0.7966666666666666
expectimax,653,3000,2384,0.7946666666666666
expectimax,654,3000,2381,0.7936666666666666
expectimax,655,3000,2372,0.7906666666666666
expectimax,656,3000,2367,0.789
expectimax,657,3000,2365,0.7883333333333333
expectimax,658,3000,2360,0.7866666666666666
expectimax,659,3000,2355,0.785
expectimax,660,3000,2346,0.782
expectimax,661,3000,2344,0.7813333333333333
expectimax,662,3000,2338,0.7793333333333333
expectimax,663,3000,2327,0.7756666666666666
expectimax,664,3000,2319,0.773
expectimax,665,3000,2314,0.7713333333333333
expectimax,666,3000,2306,0.7686666666666667
expectimax,667,3000,2298,0.766
expectimax,668,3000,2289,0.763
expectimax,669,3000,2282,0.7606666666666667
expectimax,670,3000,2272,0.7573333333333333
expectimax,671,3000,2265,0.755
expectimax,672,3000,2255,0.7516666666666667
expectimax,673,3000,2249,0.7496666666666667
expectimax,674,3000,2243,0.7476666666666667
expectimax,675,3000,2235,0.745
expectimax,676,3000,2226,0.742
expectimax,677,3000,2217,0.739
expectimax,678,3000,2204,0.7346666666666667
expectimax,679,3000,2197,0.7323333333333333
expectimax,680,3000,2188,0.7293333333333333
expectimax,681,3000,2180,0.7266666666666667
expectimax,682,3000,2174,0.7246666666666667
expectimax,683,3000,2167,0.7223333333333334
expectimax,684,3000,2165,0.7216666666666667
expectimax,685,3000,2163,0.721
expectimax,686,3000,2155,0.7183333333333334
expectimax,687,3000,2149,0.7163333333333334
expectimax,688,3000,2143,0.7143333333333334
expectimax,689,3000,2137,0.7123333333333334
expectimax,690,3000,2129,0.7096666666666667
expectimax,691,3000,2128,0.7093333333333334
expectimax,692,3000,2123,0.7076666666666667
expectimax,693,3000,2117,0.7056666666666667
expectimax,694,3000,2112,0.704
expectimax,695,3000,2108,0.7026666666666667
expectimax,696,3000,2104,0.7013333333333334
expectimax,697,3000,2101,0.7003333333333334
expectimax,698,3000,2098,0.6993333333333334
expectimax,699,3000,2095,0.6983333333333334
expectimax,700,3000,2093,0.6976666666666667
expectimax,701,3000,2091,0.697
expectimax,702,3000,2091,0.697
expectimax,703,3000,2090,0.6966666666666667
expectimax,704,3000,2086,0.6953333333333334
expectimax,705,3000,2084,0.6946666666666667
expectimax,706,3000,2084,0.6946666666666667
expectimax,707,3000,2083,0.6943333333333334
expectimax,708,3000,2080,0.6933333333333334
expectimax,709,3000,2071,0.6903333333333334
expectimax,710,3000,2068,0.6893333333333334
expectimax,711,3000,2066,0.6886666666666666
expectimax,712,3000,2066,0.6886666666666666
expectimax,713,3000,2064,0.688
expectimax,714,3000,2063,0.6876666666666666
expectimax,715,3000,2061,0.687
expectimax,716,3000,2058,0.686
expectimax,717,3000,2053,0.6843333333333333
expectimax,718,3000,2052,0.684
expectimax,719,3000,2052,0.684
expectimax,720,3000,2052,0.684
expectimax,721,3000,2050,0.6833333333333333
expectimax,722,3000,2048,0.6826666666666666
expectimax,723,3000,2046,0.682
expectimax,724,3000,2046,0.682
expectimax,725,3000,2044,0.6813333333333333
expectimax,726,3000,2043,0.681
expectimax,727,3000,2043,0.681
expectimax,728,3000,2042,0.6806666666666666
expectimax,729,3000,2041,0.6803333333333333
expectimax,730,3000,2039,0.6796666666666666
expectimax,731,3000,2039,0.6796666666666666
expectimax,732,3000,2036,0.6786666666666666
expectimax,733,3000,2036,0.6786666666666666
expectimax,734,3000,2036,0.6786666666666666
expectimax,735,3000,2034,0.678
expectimax,736,3000,2034,0.678
expectimax,737,3000,2033,0.6776666666666666
expectimax,738,3000,2031,0.677
expectimax,739,3000,2031,0.677
expectimax,740,3000,2028,0.676
expectimax,741,3000,2028,0.676
expectimax,742,3000,2026,0.6753333333333333
expectimax,743,3000,2025,0.675
expectimax,744,3000,2023,0.6743333333333333
expectimax,745,3000,2020,0.6733333333333333
expectimax,746,3000,2018,0.6726666666666666
expectimax,747,3000,2018,0.6726666666666666
expectimax,748,3000,2017,0.6723333333333333
expectimax,749,3000,2013,0.671
expectimax,750,3000,2012,0.6706666666666666
expectimax,751,3000,2011,0.6703333333333333
expectimax,752,3000,2009,0.6696666666666666
expectimax,753,3000,2009,0.6696666666666666
expectimax,754,3000,2009,0.6696666666666666
expectimax,755,3000,2006,0.6686666666666666
expectimax,756,3000,2003,0.6676666666666666
expectimax,757,3000,1998,0.666
expectimax,758,3000,1992,0.664
expectimax,759,3000,1991,0.6636666666666666
expectimax,760,3000,1988,0.6626666666666666
expectimax,761,3000,1984,0.6613333333333333
expectimax,762,3000,1979,0.6596666666666666
expectimax,763,3000,1975,0.6583333333333333
expectimax,764,3000,1969,0.6563333333333333
expectimax,765,3000,1965,0.655
expectimax,766,3000,1960,0.6533333333333333
expectimax,767,3000,1953,0.651
expectimax,768,3000,1945,0.6483333333333333
expectimax,769,3000,1938,0.646
expectimax,770,3000,1924,0.6413333333333333
expectimax,771,3000,1920,0.64
expectimax,772,3000,1914,0.638
expectimax,773,3000,1908,0.636
expectimax,774,3000,1902,0.634
expectimax,775,3000,1892,0.6306666666666667
expectimax,776,3000,1886,0.6286666666666667
expectimax,777,3000,1878,0.626
expectimax,778,3000,1871,0.6236666666666667
expectimax,779,3000,1868,0.6226666666666667
expectimax,780,3000,1857,0.619
expectimax,781,3000,1852,0.6173333333333333
expectimax,782,3000,1848,0.616
expectimax,783,3000,1841,0.6136666666666667
expectimax,784,3000,1834,0.6113333333333333
expectimax,785,3000,1830,0.61
expectimax,786,3000,1824,0.608
expectimax,787,3000,1819,0.6063333333333333
expectimax,788,3000,1810,0.6033333333333334
expectimax,789,3000,1808,0.6026666666666667
expectimax,790,3000,1803,0.601
expectimax,791,3000,1794,0.598
expectimax,792,3000,1789,0.5963333333333334
expectimax,793,3000,1786,0.5953333333333334
expectimax,794,3000,1779,0.593
expectimax,795,3000,1775,0.5916666666666667
expectimax,796,3000,1769,0.5896666666666667
expectimax,797,3000,1764,0.588
expectimax,798,3000,1762,0.5873333333333334
expectimax,799,3000,1757,0.5856666666666667
expectimax,800,3000,1754,0.5846666666666667
expectimax,801,3000,1748,0.5826666666666667
expectimax,802,3000,1743,0.581
expectimax,803,3000,1735,0.5783333333333334
expectimax,804,3000,1730,0.5766666666666667
expectimax,805,3000,1729,0.5763333333333334
expectimax,806,3000,1726,0.5753333333333334
expectimax,807,3000,1723,0.5743333333333334
expectimax,808,3000,1719,0.573
expectimax,809,3000,1714,0.5713333333333334
expectimax,810,3000,1706,0.5686666666666667
expectimax,811,3000,1701,0.567
expectimax,812,3000,1695,0.565
expectimax,813,3000,1691,0.5636666666666666
expectimax,814,3000,1686,0.562
expectimax,815,3000,1684,0.5613333333333334
expectimax,816,3000,1679,0.5596666666666666
expectimax,817,3000,1673,0.5576666666666666
expectimax,818,3000,1665,0.555
expectimax,819,3000,1658,0.5526666666666666
expectimax,820,3000,1649,0.5496666666666666
expectimax,821,3000,1640,0.5466666666666666
expectimax,822,3000,1635,0.545
expectimax,823,3000,1626,0.542
expectimax,824,3000,1618,0.5393333333333333
expectimax,825,3000,1612,0.5373333333333333
expectimax,826,3000,1604,0.5346666666666666
expectimax,827,3000,1600,0.5333333333333333
expectimax,828,3000,1595,0.5316666666666666
expectimax,829,3000,1588,0.5293333333333333
expectimax,830,3000,1583,0.5276666666666666
expectimax,831,3000,1577,0.5256666666666666
expectimax,832,3000,1573,0.5243333333333333
expectimax,833,3000,1567,0.5223333333333333
expectimax,834,3000,1558,0.5193333333333333
expectimax,835,3000,1555,0.5183333333333333
expectimax,836,3000,1546,0.5153333333333333
expectimax,837,3000,1538,0.5126666666666667
expectimax,838,3000,1530,0.51
expectimax,839,3000,1525,0.5083333333333333
expectimax,840,3000,1514,0.5046666666666667
expectimax,841,3000,1503,0.501
expectimax,842,3000,1490,0.49666666666666665
expectimax,843,3000,1480,0.49333333333333335
expectimax,844,3000,1472,0.49066666666666664
expectimax,845,3000,1458,0.486
expectimax,846,3000,1449,0.483
expectimax,847,3000,1437,0.479
expectimax,848,3000,1425,0.475
expectimax,849,3000,1420,0.47333333333333333
expectimax,850,3000,1405,0.4683333333333333
expectimax,851,3000,1396,0.4653333333333333
expectimax,852,3000,1377,0.459
expectimax,853,3000,1366,0.4553333333333333
expectimax,854,3000,1359,0.453
expectimax,855,3000,1347,0.449
expectimax,856,3000,1333,0.44433333333333336
expectimax,857,3000,1317,0.439
expectimax,858,3000,1310,0.43666666666666665
expectimax,859,3000,1295,0.43166666666666664
expectimax,860,3000,1280,0.4266666666666667
expectimax,861,3000,1262,0.4206666666666667
expectimax,862,3000,1244,0.4146666666666667
expectimax,863,3000,1227,0.409
expectimax,864,3000,1215,0.405
expectimax,865,3000,1198,0.3993333333333333
expectimax,866,3000,1165,0.3883333333333333
expectimax,867,3000,1141,0.38033333333333336
expectimax,868,3000,1123,0.37433333333333335
expectimax,869,3000,1108,0.36933333333333335
expectimax,870,3000,1087,0.36233333333333334
expectimax,871,3000,1057,0.35233333333333333
expectimax,872,3000,1035,0.345
expectimax,873,3000,1016,0.33866666666666667
expectimax,874,3000,1000,0.3333333333333333
expectimax,875,3000,967,0.32233333333333336
expectimax,876,3000,948,0.316
expectimax,877,3000,929,0.30966666666666665
expectimax,878,3000,914,0.30466666666666664
expectimax,879,3000,892,0.29733333333333334
expectimax,880,3000,877,0.29233333333333333
expectimax,881,3000,854,0.2846666666666667
expectimax,882,3000,835,0.2783333333333333
expectimax,883,3000,818,0.27266666666666667
expectimax,884,3000,808,0.2693333333333333
expectimax,885,3000,790,0.2633333333333333
expectimax,886,3000,775,0.25833333333333336
expectimax,887,3000,755,0.25166666666666665
expectimax,888,3000,745,0.24833333333333332
expectimax,889,3000,736,0.24533333333333332
expectimax,890,3000,722,0.24066666666666667
expectimax,891,3000,713,0.23766666666666666
expectimax,892,3000,701,0.23366666666666666
expectimax,893,3000,687,0.229
expectimax,894,3000,679,0.22633333333333333
expectimax,895,3000,668,0.22266666666666668
expectimax,896,3000,662,0.22066666666666668
expectimax,897,3000,651,0.217
expectimax,898,3000,643,0.21433333333333332
expectimax,899,3000,629,0.20966666666666667
expectimax,900,3000,623,0.20766666666666667
expectimax,901,3000,618,0.206
expectimax,902,3000,613,0.20433333333333334
expectimax,903,3000,605,0.20166666666666666
expectimax,904,3000,598,0.19933333333333333
expectimax,905,3000,591,0.197
expectimax,906,3000,589,0.19633333333333333
expectimax,907,3000,583,0.19433333333333333
expectimax,908,3000,576,0.192
expectimax,909,3000,575,0.19166666666666668
expectimax,910,3000,569,0.18966666666666668
expectimax,911,3000,568,0.18933333333333333
expectimax,912,3000,563,0.18766666666666668
expectimax,913,3000,560,0.18666666666666668
expectimax,914,3000,556,0.18533333333333332
expectimax,915,3000,553,0.18433333333333332
expectimax,916,3000,551,0.18366666666666667
expectimax,917,3000,550,0.18333333333333332
expectimax,918,3000,546,0.182
expectimax,919,3000,545,0.18166666666666667
expectimax,920,3000,542,0.18066666666666667
expectimax,921,3000,541,0.18033333333333335
expectimax,922,3000,540,0.18
expectimax,923,3000,540,0.18
expectimax,924,3000,535,0.17833333333333334
expectimax,925,3000,535,0.17833333333333334
expectimax,926,3000,533,0.17766666666666667
expectimax,927,3000,533,0.17766666666666667
expectimax,928,3000,533,0.17766666666666667
expectimax,929,3000,530,0.17666666666666667
expectimax,930,3000,530,0.17666666666666667
expectimax,931,3000,530,0.17666666666666667
expectimax,932,3000,530,0.17666666666666667
expectimax,933,3000,529,0.17633333333333334
expectimax,934,3000,527,0.17566666666666667
expectimax,935,3000,526,0.17533333333333334
expectimax,936,3000,526,0.17533333333333334
expectimax,937,3000,526,0.17533333333333334
expectimax,938,3000,526,0.17533333333333334
expectimax,939,3000,525,0.175
expectimax,940,3000,525,0.175
expectimax,941,3000,524,0.17466666666666666
expectimax,942,3000,523,0.17433333333333334
expectimax,943,3000,523,0.17433333333333334
expectimax,944,3000,523,0.17433333333333334
expectimax,945,3000,523,0.17433333333333334
expectimax,946,3000,523,0.17433333333333334
expectimax,947,3000,523,0.17433333333333334
expectimax,948,3000,523,0.17433333333333334
expectimax,949,3000,523,0.17433333333333334
expectimax,950,3000,522,0.174
expectimax,951,3000,522,0.174
expectimax,952,3000,522,0.174
expectimax,953,3000,522,0.174
expectimax,954,3000,522,0.174
expectimax,955,3000,522,0.174
expectimax,956,3000,522,0.174
expectimax,957,3000,522,0.174
expectimax,958,3000,522,0.174
expectimax,959,3000,522,0.174
expectimax,960,3000,522,0.174
expectimax,961,3000,522,0.174
expectimax,962,3000,522,0.174
expectimax,963,3000,522,0.174
expectimax,964,3000,522,0.174
expectimax,965,3000,522,0.174
expectimax,966,3000,521,0.17366666666666666
expectimax,967,3000,520,0.17333333333333334
expectimax,968,3000,520,0.17333333333333334
expectimax,969,3000,520,0.17333333333333334
expectimax,970,3000,520,0.17333333333333334
expectimax,971,3000,520,0.17333333333333334
expectimax,972,3000,520,0.17333333333333334
expectimax,973,3000,520,0.17333333333333334
expectimax,974,3000,520,0.17333333333333334
expectimax,975,3000,520,0.17333333333333334
expectimax,976,3000,520,0.17333333333333334
expectimax,977,3000,520,0.17333333333333334
expectimax,978,3000,520,0.17333333333333334
expectimax,979,3000,520,0.17333333333333334
expectimax,980,3000,520,0.17333333333333334
expectimax,981,3000,519,0.173
expectimax,982,3000,519,0.173
expectimax,983,3000,518,0.17266666666666666
expectimax,984,3000,518,0.17266666666666666
expectimax,985,3000,518,0.17266666666666666
expectimax,986,3000,518,0.17266666666666666
expectimax,987,3000,518,0.17266666666666666
expectimax,988,3000,517,0.17233333333333334
expectimax,989,3000,517,0.17233333333333334
expectimax,990,3000,517,0.17233333333333334
expectimax,991,3000,517,0.17233333333333334
expectimax,992,3000,516,0.172
expectimax,993,3000,516,0.172
expectimax,994,3000,515,0.17166666666666666
expectimax,995,3000,515,0.17166666666666666
expectimax,996,3000,515,0.17166666666666666
expectimax,997,3000,515,0.17166666666666666
expectimax,998,3000,515,0.17166666666666666
expectimax,999,3000,515,0.17166666666666666
expectimax,1000,3000,515,0.17166666666666666
expectimax,1001,3000,515,0.17166666666666666
expectimax,1002,3000,515,0.17166666666666666
expectimax,1003,3000,515,0.17166666666666666
expectimax,1004,3000,515,0.17166666666666666
expectimax,1005,3000,515,0.17166666666666666
expectimax,1006,3000,515,0.17166666666666666
expectimax,1007,3000,515,0.17166666666666666
expectimax,1008,3000,515,0.17166666666666666
expectimax,1009,3000,515,0.17166666666666666
expectimax,1010,3000,514,0.17133333333333334
expectimax,1011,3000,514,0.17133333333333334
expectimax,1012,3000,514,0.17133333333333334
expectimax,1013,3000,514,0.17133333333333334
expectimax,1014,3000,514,0.17133333333333334
expectimax,1015,3000,514,0.17133333333333334
expectimax,1016,3000,514,0.17133333333333334
expectimax,1017,3000,514,0.17133333333333334
expectimax,1018,3000,514,0.17133333333333334
expectimax,1019,3000,514,0.17133333333333334
expectimax,1020,3000,514,0.17133333333333334
expectimax,1021,3000,514,0.17133333333333334
expectimax,1022,3000,514,0.17133333333333334
expectimax,1023,3000,514,0.17133333333333334
expectimax,1024,3000,514,0.17133333333333334
expectimax,1025,3000,514,0.17133333333333334
expectimax,1026,3000,514,0.17133333333333334
expectimax,1027,3000,514,0.17133333333333334
expectimax,1028,3000,514,0.17133333333333334
expectimax,1029,3000,513,0.171
expectimax,1030,3000,513,0.171
expectimax,1031,3000,513,0.171
expectimax,1032,3000,513,0.171
expectimax,1033,3000,513,0.171
expectimax,1034,3000,513,0.171
expectimax,1035,3000,513,0.171
expectimax,1036,3000,513,0.171
expectimax,1037,3000,513,0.171
expectimax,1038,3000,513,0.171
expectimax,1039,3000,513,0.171
expectimax,1040,3000,513,0.171
expectimax,1041,3000,513,0.171
expectimax,1042,3000,513,0.171
expectimax,1043,3000,513,0.171
expectimax,1044,3000,513,0.171
expectimax,1045,3000,513,0.171
expectimax,1046,3000,513,0.171
expectimax,1047,3000,513,0.171
expectimax,1048,3000,513,0.171
expectimax,1049,3000,513,0.171
expectimax,1050,3000,513,0.171
expectimax,1051,3000,513,0.171
expectimax,1052,3000,513,0.171
expectimax,1053,3000,512,0.17066666666666666
expectimax,1054,3000,512,0.17066666666666666
expectimax,1055,3000,512,0.17066666666666666
expectimax,1056,3000,512,0.17066666666666666
expectimax,1057,3000,512,0.17066666666666666
expectimax,1058,3000,512,0.17066666666666666
expectimax,1059,3000,512,0.17066666666666666
expectimax,1060,3000,512,0.17066666666666666
expectimax,1061,3000,511,0.17033333333333334
expectimax,1062,3000,511,0.17033333333333334
expectimax,1063,3000,511,0.17033333333333334
expectimax,1064,3000,511,0.17033333333333334
expectimax,1065,3000,511,0.17033333333333334
expectimax,1066,3000,511,0.17033333333333334
expectimax,1067,3000,510,0.17
expectimax,1068,3000,510,0.17
expectimax,1069,3000,510,0.17
expectimax,1070,3000,510,0.17
expectimax,1071,3000,509,0.16966666666666666
expectimax,1072,3000,508,0.16933333333333334
expectimax,1073,3000,507,0.169
expectimax,1074,3000,507,0.169
expectimax,1075,3000,507,0.169
expectimax,1076,3000,506,0.16866666666666666
expectimax,1077,3000,504,0.168
expectimax,1078,3000,503,0.16766666666666666
expectimax,1079,3000,501,0.167
expectimax,1080,3000,499,0.16633333333333333
expectimax,1081,3000,498,0.166
expectimax,1082,3000,497,0.16566666666666666
expectimax,1083,3000,497,0.16566666666666666
expectimax,1084,3000,494,0.16466666666666666
expectimax,1085,3000,494,0.16466666666666666
expectimax,1086,3000,492,0.164
expectimax,1087,3000,491,0.16366666666666665
expectimax,1088,3000,490,0.16333333333333333
expectimax,1089,3000,489,0.163
expectimax,1090,3000,488,0.16266666666666665
expectimax,1091,3000,486,0.162
expectimax,1092,3000,482,0.16066666666666668
expectimax,1093,3000,481,0.16033333333333333
expectimax,1094,3000,480,0.16
expectimax,1095,3000,474,0.158
expectimax,1096,3000,473,0.15766666666666668
expectimax,1097,3000,472,0.15733333333333333
expectimax,1098,3000,468,0.156
expectimax,1099,3000,467,0.15566666666666668
expectimax,1100,3000,467,0.15566666666666668
expectimax,1101,3000,467,0.15566666666666668
expectimax,1102,3000,466,0.15533333333333332
expectimax,1103,3000,464,0.15466666666666667
expectimax,1104,3000,463,0.15433333333333332
expectimax,1105,3000,463,0.15433333333333332
expectimax,1106,3000,463,0.15433333333333332
expectimax,1107,3000,461,0.15366666666666667
expectimax,1108,3000,458,0.15266666666666667
expectimax,1109,3000,456,0.152
expectimax,1110,3000,456,0.152
expectimax,1111,3000,455,0.15166666666666667
expectimax,1112,3000,454,0.15133333333333332
expectimax,1113,3000,454,0.15133333333333332
expectimax,1114,3000,453,0.151
expectimax,1115,3000,453,0.151
expectimax,1116,3000,452,0.15066666666666667
expectimax,1117,3000,452,0.15066666666666667
expectimax,1118,3000,451,0.15033333333333335
expectimax,1119,3000,450,0.15
expectimax,1120,3000,448,0.14933333333333335
expectimax,1121,3000,447,0.149
expectimax,1122,3000,446,0.14866666666666667
expectimax,1123,3000,446,0.14866666666666667
expectimax,1124,3000,445,0.14833333333333334
expectimax,1125,3000,445,0.14833333333333334
expectimax,1126,3000,445,0.14833333333333334
expectimax,1127,3000,445,0.14833333333333334
expectimax,1128,3000,444,0.148
expectimax,1129,3000,442,0.14733333333333334
expectimax,1130,3000,442,0.14733333333333334
expectimax,1131,3000,440,0.14666666666666667
expectimax,1132,3000,440,0.14666666666666667
expectimax,1133,3000,440,0.14666666666666667
expectimax,1134,3000,439,0.14633333333333334
expectimax,1135,3000,439,0.14633333333333334
expectimax,1136,3000,439,0.14633333333333334
expectimax,1137,3000,439,0.14633333333333334
expectimax,1138,3000,438,0.146
expectimax,1139,3000,438,0.146
expectimax,1140,3000,438,0.146
expectimax,1141,3000,438,0.146
expectimax,1142,3000,438,0.146
expectimax,1143,3000,438,0.146
expectimax,1144,3000,438,0.146
expectimax,1145,3000,438,0.146
expectimax,1146,3000,438,0.146
expectimax,1147,3000,438,0.146
expectimax,1148,3000,437,0.14566666666666667
expectimax,1149,3000,437,0.14566666666666667
expectimax,1150,3000,437,0.14566666666666667
expectimax,1151,3000,437,0.14566666666666667
expectimax,1152,3000,437,0.14566666666666667
expectimax,1153,3000,436,0.14533333333333334
expectimax,1154,3000,435,0.145
expectimax,1155,3000,435,0.145
expectimax,1156,3000,434,0.14466666666666667
expectimax,1157,3000,434,0.14466666666666667
expectimax,1158,3000,434,0.14466666666666667
expectimax,1159,3000,434,0.14466666666666667
expectimax,1160,3000,434,0.14466666666666667
expectimax,1161,3000,434,0.14466666666666667
expectimax,1162,3000,434,0.14466666666666667
expectimax,1163,3000,432,0.144
expectimax,1164,3000,432,0.144
expectimax,1165,3000,431,0.14366666666666666
expectimax,1166,3000,430,0.14333333333333334
expectimax,1167,3000,430,0.14333333333333334
expectimax,1168,3000,430,0.14333333333333334
expectimax,1169,3000,430,0.14333333333333334
expectimax,1170,3000,430,0.14333333333333334
expectimax,1171,3000,429,0.143
expectimax,1172,3000,429,0.143
expectimax,1173,3000,429,0.143
expectimax,1174,3000,429,0.143
expectimax,1175,3000,428,0.14266666666666666
expectimax,1176,3000,428,0.14266666666666666
expectimax,1177,3000,427,0.14233333333333334
expectimax,1178,3000,427,0.14233333333333334
expectimax,1179,3000,426,0.142
expectimax,1180,3000,426,0.142
expectimax,1181,3000,425,0.14166666666666666
expectimax,1182,3000,424,0.14133333333333334
expectimax,1183,3000,423,0.141
expectimax,1184,3000,423,0.141
expectimax,1185,3000,419,0.13966666666666666
expectimax,1186,3000,417,0.139
expectimax,1187,3000,414,0.138
expectimax,1188,3000,413,0.13766666666666666
expectimax,1189,3000,413,0.13766666666666666
expectimax,1190,3000,413,0.13766666666666666
expectimax,1191,3000,412,0.13733333333333334
expectimax,1192,3000,410,0.13666666666666666
expectimax,1193,3000,409,0.13633333333333333
expectimax,1194,3000,408,0.136
expectimax,1195,3000,405,0.135
expectimax,1196,3000,402,0.134
expectimax,1197,3000,401,0.13366666666666666
expectimax,1198,3000,401,0.13366666666666666
expectimax,1199,3000,398,0.13266666666666665
expectimax,1200,3000,398,0.13266666666666665
expectimax,1201,3000,395,0.13166666666666665
expectimax,1202,3000,393,0.131
expectimax,1203,3000,393,0.131
expectimax,1204,3000,391,0.13033333333333333
expectimax,1205,3000,389,0.12966666666666668
expectimax,1206,3000,386,0.12866666666666668
expectimax,1207,3000,384,0.128
expectimax,1208,3000,383,0.12766666666666668
expectimax,1209,3000,381,0.127
expectimax,1210,3000,380,0.12666666666666668
expectimax,1211,3000,380,0.12666666666666668
expectimax,1212,3000,376,0.12533333333333332
expectimax,1213,3000,375,0.125
expectimax,1214,3000,373,0.12433333333333334
expectimax,1215,3000,372,0.124
expectimax,1216,3000,371,0.12366666666666666
expectimax,1217,3000,371,0.12366666666666666
expectimax,1218,3000,370,0.12333333333333334
expectimax,1219,3000,370,0.12333333333333334
expectimax,1220,3000,370,0.12333333333333334
expectimax,1221,3000,369,0.123
expectimax,1222,3000,368,0.12266666666666666
expectimax,1223,3000,367,0.12233333333333334
expectimax,1224,3000,364,0.12133333333333333
expectimax,1225,3000,362,0.12066666666666667
expectimax,1226,3000,361,0.12033333333333333
expectimax,1227,3000,359,0.11966666666666667
expectimax,1228,3000,358,0.11933333333333333
expectimax,1229,3000,358,0.11933333333333333
expectimax,1230,3000,358,0.11933333333333333
expectimax,1231,3000,358,0.11933333333333333
expectimax,1232,3000,358,0.11933333333333333
expectimax,1233,3000,357,0.119
expectimax,1234,3000,356,0.11866666666666667
expectimax,1235,3000,356,0.11866666666666667
expectimax,1236,3000,355,0.11833333333333333
expectimax,1237,3000,354,0.118
expectimax,1238,3000,354,0.118
expectimax,1239,3000,353,0.11766666666666667
expectimax,1240,3000,353,0.11766666666666667
expectimax,1241,3000,352,0.11733333333333333
expectimax,1242,3000,351,0.117
expectimax,1243,3000,351,0.117
expectimax,1244,3000,349,0.11633333333333333
expectimax,1245,3000,348,0.116
expectimax,1246,3000,346,0.11533333333333333
expectimax,1247,3000,344,0.11466666666666667
expectimax,1248,3000,343,0.11433333333333333
expectimax,1249,3000,343,0.11433333333333333
expectimax,1250,3000,343,0.11433333333333333
expectimax,1251,3000,341,0.11366666666666667
expectimax,1252,3000,340,0.11333333333333333
expectimax,1253,3000,339,0.113
expectimax,1254,3000,334,0.11133333333333334
expectimax,1255,3000,332,0.11066666666666666
expectimax,1256,3000,329,0.10966666666666666
expectimax,1257,3000,329,0.10966666666666666
expectimax,1258,3000,329,0.10966666666666666
expectimax,1259,3000,327,0.109
expectimax,1260,3000,327,0.109
expectimax,1261,3000,327,0.109
expectimax,1262,3000,326,0.10866666666666666
expectimax,1263,3000,325,0.10833333333333334
expectimax,1264,3000,324,0.108
expectimax,1265,3000,322,0.10733333333333334
expectimax,1266,3000,320,0.10666666666666667
expectimax,1267,3000,318,0.106
expectimax,1268,3000,314,0.10466666666666667
expectimax,1269,3000,307,0.10233333333333333
expectimax,1270,3000,303,0.101
expectimax,1271,3000,302,0.10066666666666667
expectimax,1272,3000,300,0.1
expectimax,1273,3000,297,0.099
expectimax,1274,3000,290,0.09666666666666666
expectimax,1275,3000,284,0.09466666666666666
expectimax,1276,3000,280,0.09333333333333334
expectimax,1277,3000,277,0.09233333333333334
expectimax,1278,3000,276,0.092
expectimax,1279,3000,275,0.09166666666666666
expectimax,1280,3000,267,0.089
expectimax,1281,3000,264,0.088
expectimax,1282,3000,260,0.08666666666666667
expectimax,1283,3000,258,0.086
expectimax,1284,3000,253,0.08433333333333333
expectimax,1285,3000,248,0.08266666666666667
expectimax,1286,3000,247,0.08233333333333333
expectimax,1287,3000,243,0.081
expectimax,1288,3000,239,0.07966666666666666
expectimax,1289,3000,235,0.07833333333333334
expectimax,1290,3000,233,0.07766666666666666
expectimax,1291,3000,228,0.076
expectimax,1292,3000,225,0.075
expectimax,1293,3000,220,0.07333333333333333
expectimax,1294,3000,216,0.072
expectimax,1295,3000,209,0.06966666666666667
expectimax,1296,3000,203,0.06766666666666667
expectimax,1297,3000,203,0.06766666666666667
expectimax,1298,3000,200,0.06666666666666667
expectimax,1299,3000,197,0.06566666666666666
expectimax,1300,3000,195,0.065
expectimax,1301,3000,193,0.06433333333333334
expectimax,1302,3000,187,0.06233333333333333
expectimax,1303,3000,186,0.062
expectimax,1304,3000,178,0.059333333333333335
expectimax,1305,3000,175,0.058333333333333334
expectimax,1306,3000,173,0.057666666666666665
expectimax,1307,3000,170,0.056666666666666664
expectimax,1308,3000,166,0.05533333333333333
expectimax,1309,3000,164,0.05466666666666667
expectimax,1310,3000,157,0.052333333333333336
expectimax,1311,3000,150,0.05
expectimax,1312,3000,147,0.049
expectimax,1313,3000,146,0.048666666666666664
expectimax,1314,3000,143,0.04766666666666667
expectimax,1315,3000,142,0.04733333333333333
expectimax,1316,3000,139,0.04633333333333333
expectimax,1317,3000,136,0.04533333333333334
expectimax,1318,3000,132,0.044
expectimax,1319,3000,130,0.043333333333333335
expectimax,1320,3000,129,0.043
expectimax,1321,3000,128,0.042666666666666665
expectimax,1322,3000,126,0.042
expectimax,1323,3000,124,0.04133333333333333
expectimax,1324,3000,122,0.04066666666666666
expectimax,1325,3000,122,0.04066666666666666
expectimax,1326,3000,119,0.03966666666666667
expectimax,1327,3000,119,0.03966666666666667
expectimax,1328,3000,118,0.03933333333333333
expectimax,1329,3000,117,0.039
expectimax,1330,3000,116,0.03866666666666667
expectimax,1331,3000,115,0.03833333333333333
expectimax,1332,3000,113,0.03766666666666667
expectimax,1333,3000,113,0.03766666666666667
expectimax,1334,3000,112,0.037333333333333336
expectimax,1335,3000,112,0.037333333333333336
expectimax,1336,3000,112,0.037333333333333336
expectimax,1337,3000,111,0.037
expectimax,1338,3000,111,0.037
expectimax,1339,3000,110,0.03666666666666667
expectimax,1340,3000,110,0.03666666666666667
expectimax,1341,3000,110,0.03666666666666667
expectimax,1342,3000,110,0.03666666666666667
expectimax,1343,3000,110,0.03666666666666667
expectimax,1344,3000,110,0.03666666666666667
expectimax,1345,3000,110,0.03666666666666667
expectimax,1346,3000,110,0.03666666666666667
expectimax,1347,3000,108,0.036
expectimax,1348,3000,108,0.036
expectimax,1349,3000,108,0.036
expectimax,1350,3000,108,0.036
expectimax,1351,3000,107,0.035666666666666666
expectimax,1352,3000,106,0.035333333333333335
expectimax,1353,3000,106,0.035333333333333335
expectimax,1354,3000,106,0.035333333333333335
expectimax,1355,3000,106,0.035333333333333335
expectimax,1356,3000,106,0.035333333333333335
expectimax,1357,3000,106,0.035333333333333335
expectimax,1358,3000,106,0.035333333333333335
expectimax,1359,3000,106,0.035333333333333335
expectimax,1360,3000,106,0.035333333333333335
expectimax,1361,3000,106,0.035333333333333335
expectimax,1362,3000,105,0.035
expectimax,1363,3000,105,0.035
expectimax,1364,3000,105,0.035
expectimax,1365,3000,105,0.035
expectimax,1366,3000,105,0.035
expectimax,1367,3000,105,0.035
expectimax,1368,3000,104,0.034666666666666665
expectimax,1369,3000,104,0.034666666666666665
expectimax,1370,3000,104,0.034666666666666665
expectimax,1371,3000,104,0.034666666666666665
expectimax,1372,3000,104,0.034666666666666665
expectimax,1373,3000,104,0.034666666666666665
expectimax,1374,3000,104,0.034666666666666665
expectimax,1375,3000,104,0.034666666666666665
expectimax,1376,3000,104,0.034666666666666665
expectimax,1377,3000,104,0.034666666666666665
expectimax,1378,3000,104,0.034666666666666665
expectimax,1379,3000,104,0.034666666666666665
expectimax,1380,3000,104,0.034666666666666665
expectimax,1381,3000,104,0.034666666666666665
expectimax,1382,3000,104,0.034666666666666665
expectimax,1383,3000,103,0.034333333333333334
expectimax,1384,3000,103,0.034333333333333334
expectimax,1385,3000,103,0.034333333333333334
expectimax,1386,3000,103,0.034333333333333334
expectimax,1387,3000,103,0.034333333333333334
expectimax,1388,3000,103,0.034333333333333334
expectimax,1389,3000,103,0.034333333333333334
expectimax,1390,3000,103,0.034333333333333334
expectimax,1391,3000,103,0.034333333333333334
expectimax,1392,3000,101,0.033666666666666664
expectimax,1393,3000,101,0.033666666666666664
expectimax,1394,3000,101,0.033666666666666664
expectimax,1395,3000,101,0.033666666666666664
expectimax,1396,3000,101,0.033666666666666664
expectimax,1397,3000,101,0.033666666666666664
expectimax,1398,3000,101,0.033666666666666664
expectimax,1399,3000,101,0.033666666666666664
expectimax,1400,3000,101,0.033666666666666664
expectimax,1401,3000,101,0.033666666666666664
expectimax,1402,3000,101,0.033666666666666664
expectimax,1403,3000,101,0.033666666666666664
expectimax,1404,3000,101,0.033666666666666664
expectimax,1405,3000,101,0.033666666666666664
expectimax,1406,3000,101,0.033666666666666664
expectimax,1407,3000,100,0.03333333333333333
expectimax,1408,3000,99,0.033
expectimax,1409,3000,99,0.033
expectimax,1410,3000,99,0.033
expectimax,1411,3000,99,0.033
expectimax,1412,3000,99,0.033
expectimax,1413,3000,99,0.033
expectimax,1414,3000,99,0.033
expectimax,1415,3000,97,0.03233333333333333
expectimax,1416,3000,97,0.03233333333333333
expectimax,1417,3000,95,0.03166666666666667
expectimax,1418,3000,95,0.03166666666666667
expectimax,1419,3000,95,0.03166666666666667
expectimax,1420,3000,94,0.03133333333333333
expectimax,1421,3000,93,0.031
expectimax,1422,3000,93,0.031
expectimax,1423,3000,93,0.031
expectimax,1424,3000,93,0.031
expectimax,1425,3000,93,0.031
expectimax,1426,3000,93,0.031
expectimax,1427,3000,92,0.030666666666666665
expectimax,1428,3000,91,0.030333333333333334
expectimax,1429,3000,91,0.030333333333333334
expectimax,1430,3000,90,0.03
expectimax,1431,3000,90,0.03
expectimax,1432,3000,90,0.03
expectimax,1433,3000,90,0.03
expectimax,1434,3000,90,0.03
expectimax,1435,3000,90,0.03
expectimax,1436,3000,90,0.03
expectimax,1437,3000,90,0.03
expectimax,1438,3000,89,0.029666666666666668
expectimax,1439,3000,88,0.029333333333333333
expectimax,1440,3000,88,0.029333333333333333
expectimax,1441,3000,86,0.028666666666666667
expectimax,1442,3000,86,0.028666666666666667
expectimax,1443,3000,86,0.028666666666666667
expectimax,1444,3000,86,0.028666666666666667
expectimax,1445,3000,86,0.028666666666666667
expectimax,1446,3000,86,0.028666666666666667
expectimax,1447,3000,86,0.028666666666666667
expectimax,1448,3000,86,0.028666666666666667
expectimax,1449,3000,85,0.028333333333333332
expectimax,1450,3000,84,0.028
expectimax,1451,3000,84,0.028
expectimax,1452,3000,84,0.028
expectimax,1453,3000,84,0.028
expectimax,1454,3000,84,0.028
expectimax,1455,3000,84,0.028
expectimax,1456,3000,83,0.027666666666666666
expectimax,1457,3000,82,0.027333333333333334
expectimax,1458,3000,81,0.027
expectimax,1459,3000,81,0.027
expectimax,1460,3000,81,0.027
expectimax,1461,3000,81,0.027
expectimax,1462,3000,81,0.027
expectimax,1463,3000,80,0.02666666666666667
expectimax,1464,3000,80,0.02666666666666667
expectimax,1465,3000,79,0.026333333333333334
expectimax,1466,3000,78,0.026
expectimax,1467,3000,78,0.026
expectimax,1468,3000,77,0.025666666666666667
expectimax,1469,3000,77,0.025666666666666667
expectimax,1470,3000,77,0.025666666666666667
expectimax,1471,3000,77,0.025666666666666667
expectimax,1472,3000,77,0.025666666666666667
expectimax,1473,3000,77,0.025666666666666667
expectimax,1474,3000,77,0.025666666666666667
expectimax,1475,3000,76,0.025333333333333333
expectimax,1476,3000,76,0.025333333333333333
expectimax,1477,3000,76,0.025333333333333333
expectimax,1478,3000,76,0.025333333333333333
expectimax,1479,3000,76,0.025333333333333333
expectimax,1480,3000,75,0.025
expectimax,1481,3000,74,0.024666666666666667
expectimax,1482,3000,73,0.024333333333333332
expectimax,1483,3000,72,0.024
expectimax,1484,3000,72,0.024
expectimax,1485,3000,72,0.024
expectimax,1486,3000,72,0.024
expectimax,1487,3000,71,0.023666666666666666
expectimax,1488,3000,71,0.023666666666666666
expectimax,1489,3000,70,0.023333333333333334
expectimax,1490,3000,70,0.023333333333333334
expectimax,1491,3000,68,0.02266666666666667
expectimax,1492,3000,68,0.02266666666666667
expectimax,1493,3000,67,0.022333333333333334
expectimax,1494,3000,67,0.022333333333333334
expectimax,1495,3000,67,0.022333333333333334
expectimax,1496,3000,67,0.022333333333333334
expectimax,1497,3000,65,0.021666666666666667
expectimax,1498,3000,65,0.021666666666666667
expectimax,1499,3000,65,0.021666666666666667
expectimax,1500,3000,63,0.021
expectimax,1501,3000,60,0.02
expectimax,1502,3000,60,0.02
expectimax,1503,3000,59,0.019666666666666666
expectimax,1504,3000,58,0.019333333333333334
expectimax,1505,3000,57,0.019
expectimax,1506,3000,56,0.018666666666666668
expectimax,1507,3000,55,0.018333333333333333
expectimax,1508,3000,54,0.018
expectimax,1509,3000,54,0.018
expectimax,1510,3000,52,0.017333333333333333
expectimax,1511,3000,52,0.017333333333333333
expectimax,1512,3000,49,0.01633333333333333
expectimax,1513,3000,47,0.015666666666666666
expectimax,1514,3000,46,0.015333333333333332
expectimax,1515,3000,46,0.015333333333333332
expectimax,1516,3000,46,0.015333333333333332
expectimax,1517,3000,45,0.015
expectimax,1518,3000,43,0.014333333333333333
expectimax,1519,3000,43,0.014333333333333333
expectimax,1520,3000,43,0.014333333333333333
expectimax,1521,3000,42,0.014
expectimax,1522,3000,41,0.013666666666666667
expectimax,1523,3000,40,0.013333333333333334
expectimax,1524,3000,40,0.013333333333333334
expectimax,1525,3000,39,0.013
expectimax,1526,3000,39,0.013
expectimax,1527,3000,39,0.013
expectimax,1528,3000,37,0.012333333333333333
expectimax,1529,3000,36,0.012
expectimax,1530,3000,36,0.012
expectimax,1531,3000,36,0.012
expectimax,1532,3000,36,0.012
expectimax,1533,3000,35,0.011666666666666667
expectimax,1534,3000,35,0.011666666666666667
expectimax,1535,3000,35,0.011666666666666667
expectimax,1536,3000,35,0.011666666666666667
expectimax,1537,3000,35,0.011666666666666667
expectimax,1538,3000,35,0.011666666666666667
expectimax,1539,3000,35,0.011666666666666667
expectimax,1540,3000,34,0.011333333333333334
expectimax,1541,3000,34,0.011333333333333334
expectimax,1542,3000,33,0.011
expectimax,1543,3000,32,0.010666666666666666
expectimax,1544,3000,30,0.01
expectimax,1545,3000,29,0.009666666666666667
expectimax,1546,3000,28,0.009333333333333334
expectimax,1547,3000,28,0.009333333333333334
expectimax,1548,3000,28,0.009333333333333334
expectimax,1549,3000,28,0.009333333333333334
expectimax,1550,3000,28,0.009333333333333334
expectimax,1551,3000,27,0.009
expectimax,1552,3000,26,0.008666666666666666
expectimax,1553,3000,26,0.008666666666666666
expectimax,1554,3000,26,0.008666666666666666
expectimax,1555,3000,26,0.008666666666666666
expectimax,1556,3000,26,0.008666666666666666
expectimax,1557,3000,26,0.008666666666666666
expectimax,1558,3000,26,0.008666666666666666
expectimax,1559,3000,26,0.008666666666666666
expectimax,1560,3000,26,0.008666666666666666
expectimax,1561,3000,26,0.008666666666666666
expectimax,1562,3000,26,0.008666666666666666
expectimax,1563,3000,26,0.008666666666666666
expectimax,1564,3000,26,0.008666666666666666
expectimax,1565,3000,25,0.008333333333333333
expectimax,1566,3000,25,0.008333333333333333
expectimax,1567,3000,25,0.008333333333333333
expectimax,1568,3000,25,0.008333333333333333
expectimax,1569,3000,25,0.008333333333333333
expectimax,1570,3000,24,0.008
expectimax,1571,3000,24,0.008
expectimax,1572,3000,24,0.008
expectimax,1573,3000,23,0.007666666666666666
expectimax,1574,3000,23,0.007666666666666666
expectimax,1575,3000,23,0.007666666666666666
expectimax,1576,3000,23,0.007666666666666666
expectimax,1577,3000,23,0.007666666666666666
expectimax,1578,3000,23,0.007666666666666666
expectimax,1579,3000,23,0.007666666666666666
expectimax,1580,3000,23,0.007666666666666666
expectimax,1581,3000,23,0.007666666666666666
expectimax,1582,3000,23,0.007666666666666666
expectimax,1583,3000,23,0.007666666666666666
expectimax,1584,3000,23,0.007666666666666666
expectimax,1585,3000,22,0.007333333333333333
expectimax,1586,3000,22,0.007333333333333333
expectimax,1587,3000,22,0.007333333333333333
expectimax,1588,3000,22,0.007333333333333333
expectimax,1589,3000,22,0.007333333333333333
expectimax,1590,3000,21,0.007
expectimax,1591,3000,21,0.007
expectimax,1592,3000,20,0.006666666666666667
expectimax,1593,3000,20,0.006666666666666667
expectimax,1594,3000,20,0.006666666666666667
expectimax,1595,3000,19,0.006333333333333333
expectimax,1596,3000,19,0.006333333333333333
expectimax,1597,3000,18,0.006
expectimax,1598,3000,17,0.005666666666666667
expectimax,1599,3000,17,0.005666666666666667
expectimax,1600,3000,17,0.005666666666666667
expectimax,1601,3000,16,0.005333333333333333
expectimax,1602,3000,15,0.005
expectimax,1603,3000,15,0.005
expectimax,1604,3000,14,0.004666666666666667
expectimax,1605,3000,14,0.004666666666666667
expectimax,1606,3000,13,0.004333333333333333
expectimax,1607,3000,13,0.004333333333333333
expectimax,1608,3000,12,0.004
expectimax,1609,3000,12,0.004
expectimax,1610,3000,12,0.004
expectimax,1611,3000,12,0.004
expectimax,1612,3000,12,0.004
expectimax,1613,3000,12,0.004
expectimax,1614,3000,12,0.004
expectimax,1615,3000,12,0.004
expectimax,1616,3000,12,0.004
expectimax,1617,3000,11,0.0036666666666666666
expectimax,1618,3000,11,0.0036666666666666666
expectimax,1619,3000,11,0.0036666666666666666
expectimax,1620,3000,10,0.0033333333333333335
expectimax,1621,3000,10,0.0033333333333333335
expectimax,1622,3000,10,0.0033333333333333335
expectimax,1623,3000,10,0.0033333333333333335
expectimax,1624,3000,10,0.0033333333333333335
expectimax,1625,3000,10,0.0033333333333333335
expectimax,1626,3000,10,0.0033333333333333335
expectimax,1627,3000,10,0.0033333333333333335
expectimax,1628,3000,10,0.0033333333333333335
expectimax,1629,3000,9,0.003
expectimax,1630,3000,9,0.003
expectimax,1631,3000,9,0.003
expectimax,1632,3000,9,0.003
expectimax,1633,3000,9,0.003
expectimax,1634,3000,9,0.003
expectimax,1635,3000,9,0.003
expectimax,1636,3000,9,0.003
expectimax,1637,3000,8,0.0026666666666666666
expectimax,1638,3000,8,0.0026666666666666666
expectimax,1639,3000,8,0.0026666666666666666
expectimax,1640,3000,7,0.0023333333333333335
expectimax,1641,3000,7,0.0023333333333333335
expectimax,1642,3000,7,0.0023333333333333335
expectimax,1643,3000,7,0.0023333333333333335
expectimax,1644,3000,6,0.002
expectimax,1645,3000,6,0.002
expectimax,1646,3000,6,0.002
expectimax,1647,3000,6,0.002
expectimax,1648,3000,6,0.002
expectimax,1649,3000,6,0.002
expectimax,1650,3000,6,0.002
expectimax,1651,3000,6,0.002
expectimax,1652,3000,6,0.002
expectimax,1653,3000,5,0.0016666666666666668
expectimax,1654,3000,5,0.0016666666666666668
expectimax,1655,3000,5,0.0016666666666666668
expectimax,1656,3000,5,0.0016666666666666668
expectimax,1657,3000,5,0.0016666666666666668
expectimax,1658,3000,5,0.0016666666666666668
expectimax,1659,3000,5,0.0016666666666666668
expectimax,1660,3000,5,0.0016666666666666668
expectimax,1661,3000,5,0.0016666666666666668
expectimax,1662,3000,4,0.0013333333333333333
expectimax,1663,3000,4,0.0013333333333333333
expectimax,1664,3000,4,0.0013333333333333333
expectimax,1665,3000,4,0.0013333333333333333
expectimax,1666,3000,4,0.0013333333333333333
expectimax,1667,3000,4,0.0013333333333333333
expectimax,1668,3000,4,0.0013333333333333333
expectimax,1669,3000,4,0.0013333333333333333
expectimax,1670,3000,3,0.001
expectimax,1671,3000,3,0.001
expectimax,1672,3000,3,0.001
expectimax,1673,3000,3,0.001
expectimax,1674,3000,3,0.001
expectimax,1675,3000,3,0.001
expectimax,1676,3000,3,0.001
expectimax,1677,3000,3,0.001
expectimax,1678,3000,3,0.001
expectimax,1679,3000,3,0.001
expectimax,1680,3000,2,0.0006666666666666666
expectimax,1681,3000,2,0.0006666666666666666
expectimax,1682,3000,2,0.0006666666666666666
expectimax,1683,3000,2,0.0006666666666666666
expectimax,1684,3000,2,0.0006666666666666666
expectimax,1685,3000,2,0.0006666666666666666
expectimax,1686,3000,2,0.0006666666666666666
expectimax,1687,3000,2,0.0006666666666666666
expectimax,1688,3000,2,0.0006666666666666666
expectimax,1689,3000,2,0.0006666666666666666
expectimax,1690,3000,2,0.0006666666666666666
expectimax,1691,3000,2,0.0006666666666666666
expectimax,1692,3000,2,0.0006666666666666666
expectimax,1693,3000,2,0.0006666666666666666
expectimax,1694,3000,2,0.0006666666666666666
expectimax,1695,3000,2,0.0006666666666666666
expectimax,1696,3000,2,0.0006666666666666666
expectimax,1697,3000,2,0.0006666666666666666
expectimax,1698,3000,2,0.0006666666666666666
expectimax,1699,3000,2,0.0006666666666666666
expectimax,1700,3000,2,0.0006666666666666666
expectimax,1701,3000,2,0.0006666666666666666
expectimax,1702,3000,2,0.0006666666666666666
expectimax,1703,3000,2,0.0006666666666666666
expectimax,1704,3000,2,0.0006666666666666666
expectimax,1705,3000,2,0.0006666666666666666
expectimax,1706,3000,2,0.0006666666666666666
expectimax,1707,3000,2,0.0006666666666666666
expectimax,1708,3000,2,0.0006666666666666666
expectimax,1709,3000,2,0.0006666666666666666
expectimax,1710,3000,2,0.0006666666666666666
expectimax,1711,3000,1,0.0003333333333333333
expectimax,1712,3000,1,0.0003333333333333333
expectimax,1713,3000,1,0.0003333333333333333
expectimax,1714,3000,1,0.0003333333333333333
expectimax,1715,3000,1,0.0003333333333333333
expectimax,1716,3000,1,0.0003333333333333333
expectimax,1717,3000,1,0.0003333333333333333
expectimax,1718,3000,1,0.0003333333333333333
expectimax,1719,3000,1,0.0003333333333333333
expectimax,1720,3000,1,0.0003333333333333333
expectimax,1721,3000,1,0.0003333333333333333
expectimax,1722,3000,1,0.0003333333333333333
expectimax,1723,3000,1,0.0003333333333333333
expectimax,1724,3000,1,0.0003333333333333333
expectimax,1725,3000,1,0.0003333333333333333
expectimax,1726,3000,1,0.0003333333333333333
expectimax,1727,3000,1,0.0003333333333333333
expectimax,1728,3000,1,0.0003333333333333333
expectimax,1729,3000,1,0.0003333333333333333
expectimax,1730,3000,1,0.0003333333333333333
expectimax,1731,3000,1,0.0003333333333333333
expectimax,1732,3000,1,0.0003333333333333333
expectimax,1733,3000,1,0.0003333333333333333
expectimax,1734,3000,1,0.0003333333333333333
expectimax,1735,3000,1,0.0003333333333333333
expectimax,1736,3000,1,0.0003333333333333333
expectimax,1737,3000,1,0.0003333333333333333
expectimax,1738,3000,1,0.0003333333333333333
expectimax,1739,3000,1,0.0003333333333333333
expectimax,1740,3000,1,0.0003333333333333333
heuristic,0,3000,3000,1.0
heuristic,1,3000,3000,1.0
heuristic,2,3000,3000,1.0
heuristic,3,3000,3000,1.0
heuristic,4,3000,3000,1.0
heuristic,5,3000,3000,1.0
heuristic,6,3000,3000,1.0
heuristic,7,3000,3000,1.0
heuristic,8,3000,3000,1.0
heuristic,9,3000,3000,1.0
heuristic,10,3000,3000,1.0
heuristic,11,3000,3000,1.0
heuristic,12,3000,3000,1.0
heuristic,13,3000,3000,1.0
heuristic,14,3000,3000,1.0
heuristic,15,3000,3000,1.0
heuristic,16,3000,3000,1.0
heuristic,17,3000,3000,1.0
heuristic,18,3000,3000,1.0
heuristic,19,3000,3000,1.0
heuristic,20,3000,3000,1.0
heuristic,21,3000,3000,1.0
heuristic,22,3000,3000,1.0
heuristic,23,3000,3000,1.0
heuristic,24,3000,3000,1.0
heuristic,25,3000,3000,1.0
heuristic,26,3000,3000,1.0
heuristic,27,3000,3000,1.0
heuristic,28,3000,3000,1.0
heuristic,29,3000,3000,1.0
heuristic,30,3000,3000,1.0
heuristic,31,3000,3000,1.0
heuristic,32,3000,3000,1.0
heuristic,33,3000,3000,1.0
heuristic,34,3000,3000,1.0
heuristic,35,3000,3000,1.0
heuristic,36,3000,3000,1.0
heuristic,37,3000,3000,1.0
heuristic,38,3000,3000,1.0
heuristic,39,3000,3000,1.0
heuristic,40,3000,3000,1.0
heuristic,41,3000,3000,1.0
heuristic,42,3000,3000,1.0
heuristic,43,3000,3000,1.0
heuristic,44,3000,3000,1.0
heuristic,45,3000,3000,1.0
heuristic,46,3000,3000,1.0
heuristic,47,3000,3000,1.0
heuristic,48,3000,3000,1.0
heuristic,49,3000,3000,1.0
heuristic,50,3000,3000,1.0
heuristic,51,3000,3000,1.0
heuristic,52,3000,3000,1.0
heuristic,53,3000,3000,1.0
heuristic,54,3000,3000,1.0
heuristic,55,3000,3000,1.0
heuristic,56,3000,3000,1.0
heuristic,57,3000,3000,1.0
heuristic,58,3000,3000,1.0
heuristic,59,3000,3000,1.0
heuristic,60,3000,3000,1.0
heuristic,61,3000,3000,1.0
heuristic,62,3000,3000,1.0
heuristic,63,3000,3000,1.0
heuristic,64,3000,3000,1.0
heuristic,65,3000,3000,1.0
heuristic,66,3000,3000,1.0
heuristic,67,3000,3000,1.0
heuristic,68,3000,3000,1.0
heuristic,69,3000,3000,1.0
heuristic,70,3000,3000,1.0
heuristic,71,3000,3000,1.0
heuristic,72,3000,3000,1.0
heuristic,73,3000,3000,1.0
heuristic,74,3000,3000,1.0
heuristic,75,3000,3000,1.0
heuristic,76,3000,3000,1.0
heuristic,77,3000,3000,1.0
heuristic,78,3000,3000,1.0
heuristic,79,3000,3000,1.0
heuristic,80,3000,3000,1.0
heuristic,81,3000,3000,1.0
heuristic,82,3000,3000,1.0
heuristic,83,3000,3000,1.0
heuristic,84,3000,2998,0.9993333333333333
heuristic,85,3000,2997,0.999
heuristic,86,3000,2997,0.999
heuristic,87,3000,2997,0.999
heuristic,88,3000,2997,0.999
heuristic,89,3000,2997,0.999
heuristic,90,3000,2997,0.999
heuristic,91,3000,2997,0.999
heuristic,92,3000,2997,0.999
heuristic,93,3000,2997,0.999
heuristic,94,3000,2997,0.999
heuristic,95,3000,2997,0.999
heuristic,96,3000,2997,0.999
heuristic,97,3000,2997,0.999
heuristic,98,3000,2997,0.999
heuristic,99,3000,2997,0.999
heuristic,100,3000,2997,0.999
heuristic,101,3000,2997,0.999
heuristic,102,3000,2997,0.999
heuristic,103,3000,2997,0.999
heuristic,104,3000,2996,0.9986666666666667
heuristic,105,3000,2996,0.9986666666666667
heuristic,106,3000,2994,0.998
heuristic,107,3000,2994,0.998
heuristic,108,3000,2992,0.9973333333333333
heuristic,109,3000,2992,0.9973333333333333
heuristic,110,3000,2990,0.9966666666666667
heuristic,111,3000,2990,0.9966666666666667
heuristic,112,3000,2988,0.996
heuristic,113,3000,2988,0.996
heuristic,114,3000,2988,0.996
heuristic,115,3000,2987,0.9956666666666667
heuristic,116,3000,2987,0.9956666666666667
heuristic,117,3000,2987,0.9956666666666667
heuristic,118,3000,2984,0.9946666666666667
heuristic,119,3000,2983,0.9943333333333333
heuristic,120,3000,2981,0.9936666666666667
heuristic,121,3000,2980,0.9933333333333333
heuristic,122,3000,2979,0.993
heuristic,123,3000,2978,0.9926666666666667
heuristic,124,3000,2978,0.9926666666666667
heuristic,125,3000,2976,0.992
heuristic,126,3000,2974,0.9913333333333333
heuristic,127,3000,2973,0.991
heuristic,128,3000,2968,0.9893333333333333
heuristic,129,3000,2966,0.9886666666666667
heuristic,130,3000,2959,0.9863333333333333
heuristic,131,3000,2952,0.984
heuristic,132,3000,2946,0.982
heuristic,133,3000,2942,0.9806666666666667
heuristic,134,3000,2938,0.9793333333333333
heuristic,135,3000,2935,0.9783333333333334
heuristic,136,3000,2934,0.978
heuristic,137,3000,2926,0.9753333333333334
heuristic,138,3000,2923,0.9743333333333334
heuristic,139,3000,2921,0.9736666666666667
heuristic,140,3000,2917,0.9723333333333334
heuristic,141,3000,2915,0.9716666666666667
heuristic,142,3000,2913,0.971
heuristic,143,3000,2911,0.9703333333333334
heuristic,144,3000,2907,0.969
heuristic,145,3000,2903,0.9676666666666667
heuristic,146,3000,2900,0.9666666666666667
heuristic,147,3000,2899,0.9663333333333334
heuristic,148,3000,2896,0.9653333333333334
heuristic,149,3000,2894,0.9646666666666667
heuristic,150,3000,2892,0.964
heuristic,151,3000,2888,0.9626666666666667
heuristic,152,3000,2885,0.9616666666666667
heuristic,153,3000,2883,0.961
heuristic,154,3000,2875,0.9583333333333334
heuristic,155,3000,2874,0.958
heuristic,156,3000,2872,0.9573333333333334
heuristic,157,3000,2868,0.956
heuristic,158,3000,2867,0.9556666666666667
heuristic,159,3000,2865,0.955
heuristic,160,3000,2861,0.9536666666666667
heuristic,161,3000,2858,0.9526666666666667
heuristic,162,3000,2856,0.952
heuristic,163,3000,2852,0.9506666666666667
heuristic,164,3000,2849,0.9496666666666667
heuristic,165,3000,2844,0.948
heuristic,166,3000,2838,0.946
heuristic,167,3000,2836,0.9453333333333334
heuristic,168,3000,2832,0.944
heuristic,169,3000,2830,0.9433333333333334
heuristic,170,3000,2825,0.9416666666666667
heuristic,171,3000,2823,0.941
heuristic,172,3000,2819,0.9396666666666667
heuristic,173,3000,2816,0.9386666666666666
heuristic,174,3000,2809,0.9363333333333334
heuristic,175,3000,2803,0.9343333333333333
heuristic,176,3000,2793,0.931
heuristic,177,3000,2790,0.93
heuristic,178,3000,2781,0.927
heuristic,179,3000,2775,0.925
heuristic,180,3000,2766,0.922
heuristic,181,3000,2757,0.919
heuristic,182,3000,2752,0.9173333333333333
heuristic,183,3000,2746,0.9153333333333333
heuristic,184,3000,2737,0.9123333333333333
heuristic,185,3000,2729,0.9096666666666666
heuristic,186,3000,2727,0.909
heuristic,187,3000,2725,0.9083333333333333
heuristic,188,3000,2718,0.906
heuristic,189,3000,2704,0.9013333333333333
heuristic,190,3000,2700,0.9
heuristic,191,3000,2689,0.8963333333333333
heuristic,192,3000,2682,0.894
heuristic,193,3000,2672,0.8906666666666667
heuristic,194,3000,2669,0.8896666666666667
heuristic,195,3000,2662,0.8873333333333333
heuristic,196,3000,2657,0.8856666666666667
heuristic,197,3000,2652,0.884
heuristic,198,3000,2646,0.882
heuristic,199,3000,2643,0.881
heuristic,200,3000,2632,0.8773333333333333
heuristic,201,3000,2627,0.8756666666666667
heuristic,202,3000,2624,0.8746666666666667
heuristic,203,3000,2621,0.8736666666666667
heuristic,204,3000,2617,0.8723333333333333
heuristic,205,3000,2612,0.8706666666666667
heuristic,206,3000,2604,0.868
heuristic,207,3000,2600,0.8666666666666667
heuristic,208,3000,2592,0.864
heuristic,209,3000,2584,0.8613333333333333
heuristic,210,3000,2578,0.8593333333333333
heuristic,211,3000,2578,0.8593333333333333
heuristic,212,3000,2568,0.856
heuristic,213,3000,2561,0.8536666666666667
heuristic,214,3000,2554,0.8513333333333334
heuristic,215,3000,2546,0.8486666666666667
heuristic,216,3000,2545,0.8483333333333334
heuristic,217,3000,2539,0.8463333333333334
heuristic,218,3000,2532,0.844
heuristic,219,3000,2525,0.8416666666666667
heuristic,220,3000,2519,0.8396666666666667
heuristic,221,3000,2508,0.836
heuristic,222,3000,2498,0.8326666666666667
heuristic,223,3000,2486,0.8286666666666667
heuristic,224,3000,2479,0.8263333333333334
heuristic,225,3000,2462,0.8206666666666667
heuristic,226,3000,2451,0.817
heuristic,227,3000,2437,0.8123333333333334
heuristic,228,3000,2417,0.8056666666666666
heuristic,229,3000,2402,0.8006666666666666
heuristic,230,3000,2383,0.7943333333333333
heuristic,231,3000,2366,0.7886666666666666
heuristic,232,3000,2347,0.7823333333333333
heuristic,233,3000,2313,0.771
heuristic,234,3000,2293,0.7643333333333333
heuristic,235,3000,2272,0.7573333333333333
heuristic,236,3000,2251,0.7503333333333333
heuristic,237,3000,2232,0.744
heuristic,238,3000,2206,0.7353333333333333
heuristic,239,3000,2180,0.7266666666666667
heuristic,240,3000,2154,0.718
heuristic,241,3000,2129,0.7096666666666667
heuristic,242,3000,2112,0.704
heuristic,243,3000,2091,0.697
heuristic,244,3000,2072,0.6906666666666667
heuristic,245,3000,2051,0.6836666666666666
heuristic,246,3000,2026,0.6753333333333333
heuristic,247,3000,2006,0.6686666666666666
heuristic,248,3000,1992,0.664
heuristic,249,3000,1975,0.6583333333333333
heuristic,250,3000,1961,0.6536666666666666
heuristic,251,3000,1945,0.6483333333333333
heuristic,252,3000,1927,0.6423333333333333
heuristic,253,3000,1911,0.637
heuristic,254,3000,1898,0.6326666666666667
heuristic,255,3000,1874,0.6246666666666667
heuristic,256,3000,1859,0.6196666666666667
heuristic,257,3000,1847,0.6156666666666667
heuristic,258,3000,1834,0.6113333333333333
heuristic,259,3000,1827,0.609
heuristic,260,3000,1822,0.6073333333333333
heuristic,261,3000,1812,0.604
heuristic,262,3000,1803,0.601
heuristic,263,3000,1796,0.5986666666666667
heuristic,264,3000,1790,0.5966666666666667
heuristic,265,3000,1774,0.5913333333333334
heuristic,266,3000,1766,0.5886666666666667
heuristic,267,3000,1755,0.585
heuristic,268,3000,1748,0.5826666666666667
heuristic,269,3000,1745,0.5816666666666667
heuristic,270,3000,1740,0.58
heuristic,271,3000,1734,0.578
heuristic,272,3000,1727,0.5756666666666667
heuristic,273,3000,1721,0.5736666666666667
heuristic,274,3000,1714,0.5713333333333334
heuristic,275,3000,1700,0.5666666666666667
heuristic,276,3000,1692,0.564
heuristic,277,3000,1686,0.562
heuristic,278,3000,1678,0.5593333333333333
heuristic,279,3000,1672,0.5573333333333333
heuristic,280,3000,1666,0.5553333333333333
heuristic,281,3000,1655,0.5516666666666666
heuristic,282,3000,1648,0.5493333333333333
heuristic,283,3000,1639,0.5463333333333333
heuristic,284,3000,1630,0.5433333333333333
heuristic,285,3000,1622,0.5406666666666666
heuristic,286,3000,1612,0.5373333333333333
heuristic,287,3000,1599,0.533
heuristic,288,3000,1590,0.53
heuristic,289,3000,1586,0.5286666666666666
heuristic,290,3000,1577,0.5256666666666666
heuristic,291,3000,1564,0.5213333333333333
heuristic,292,3000,1552,0.5173333333333333
heuristic,293,3000,1540,0.5133333333333333
heuristic,294,3000,1532,0.5106666666666667
heuristic,295,3000,1525,0.5083333333333333
heuristic,296,3000,1522,0.5073333333333333
heuristic,297,3000,1518,0.506
heuristic,298,3000,1507,0.5023333333333333
heuristic,299,3000,1498,0.49933333333333335
heuristic,300,3000,1492,0.49733333333333335
heuristic,301,3000,1482,0.494
heuristic,302,3000,1477,0.49233333333333335
heuristic,303,3000,1471,0.49033333333333334
heuristic,304,3000,1464,0.488
heuristic,305,3000,1455,0.485
heuristic,306,3000,1438,0.47933333333333333
heuristic,307,3000,1432,0.47733333333333333
heuristic,308,3000,1426,0.47533333333333333
heuristic,309,3000,1415,0.4716666666666667
heuristic,310,3000,1409,0.4696666666666667
heuristic,311,3000,1400,0.4666666666666667
heuristic,312,3000,1394,0.4646666666666667
heuristic,313,3000,1381,0.4603333333333333
heuristic,314,3000,1373,0.45766666666666667
heuristic,315,3000,1365,0.455
heuristic,316,3000,1358,0.45266666666666666
heuristic,317,3000,1350,0.45
heuristic,318,3000,1344,0.448
heuristic,319,3000,1337,0.44566666666666666
heuristic,320,3000,1328,0.44266666666666665
heuristic,321,3000,1320,0.44
heuristic,322,3000,1313,0.43766666666666665
heuristic,323,3000,1307,0.43566666666666665
heuristic,324,3000,1296,0.432
heuristic,325,3000,1281,0.427
heuristic,326,3000,1270,0.42333333333333334
heuristic,327,3000,1264,0.42133333333333334
heuristic,328,3000,1248,0.416
heuristic,329,3000,1234,0.41133333333333333
heuristic,330,3000,1224,0.408
heuristic,331,3000,1218,0.406
heuristic,332,3000,1211,0.4036666666666667
heuristic,333,3000,1202,0.40066666666666667
heuristic,334,3000,1187,0.39566666666666667
heuristic,335,3000,1171,0.3903333333333333
heuristic,336,3000,1161,0.387
heuristic,337,3000,1152,0.384
heuristic,338,3000,1143,0.381
heuristic,339,3000,1132,0.37733333333333335
heuristic,340,3000,1122,0.374
heuristic,341,3000,1110,0.37
heuristic,342,3000,1091,0.3636666666666667
heuristic,343,3000,1075,0.35833333333333334
heuristic,344,3000,1060,0.35333333333333333
heuristic,345,3000,1042,0.3473333333333333
heuristic,346,3000,1029,0.343
heuristic,347,3000,1019,0.3396666666666667
heuristic,348,3000,1012,0.3373333333333333
heuristic,349,3000,1003,0.3343333333333333
heuristic,350,3000,990,0.33
heuristic,351,3000,979,0.3263333333333333
heuristic,352,3000,966,0.322
heuristic,353,3000,961,0.32033333333333336
heuristic,354,3000,951,0.317
heuristic,355,3000,942,0.314
heuristic,356,3000,930,0.31
heuristic,357,3000,922,0.30733333333333335
heuristic,358,3000,916,0.30533333333333335
heuristic,359,3000,909,0.303
heuristic,360,3000,900,0.3
heuristic,361,3000,890,0.2966666666666667
heuristic,362,3000,887,0.2956666666666667
heuristic,363,3000,878,0.2926666666666667
heuristic,364,3000,876,0.292
heuristic,365,3000,867,0.289
heuristic,366,3000,866,0.2886666666666667
heuristic,367,3000,859,0.28633333333333333
heuristic,368,3000,853,0.2843333333333333
heuristic,369,3000,849,0.283
heuristic,370,3000,845,0.2816666666666667
heuristic,371,3000,840,0.28
heuristic,372,3000,837,0.279
heuristic,373,3000,832,0.2773333333333333
heuristic,374,3000,822,0.274
heuristic,375,3000,814,0.2713333333333333
heuristic,376,3000,812,0.27066666666666667
heuristic,377,3000,808,0.2693333333333333
heuristic,378,3000,801,0.267
heuristic,379,3000,797,0.26566666666666666
heuristic,380,3000,794,0.26466666666666666
heuristic,381,3000,789,0.263
heuristic,382,3000,780,0.26
heuristic,383,3000,774,0.258
heuristic,384,3000,767,0.25566666666666665
heuristic,385,3000,756,0.252
heuristic,386,3000,751,0.25033333333333335
heuristic,387,3000,745,0.24833333333333332
heuristic,388,3000,737,0.24566666666666667
heuristic,389,3000,729,0.243
heuristic,390,3000,722,0.24066666666666667
heuristic,391,3000,715,0.23833333333333334
heuristic,392,3000,707,0.23566666666666666
heuristic,393,3000,702,0.234
heuristic,394,3000,697,0.23233333333333334
heuristic,395,3000,688,0.22933333333333333
heuristic,396,3000,682,0.22733333333333333
heuristic,397,3000,674,0.22466666666666665
heuristic,398,3000,661,0.22033333333333333
heuristic,399,3000,652,0.21733333333333332
heuristic,400,3000,644,0.21466666666666667
heuristic,401,3000,640,0.21333333333333335
heuristic,402,3000,635,0.21166666666666667
heuristic,403,3000,625,0.20833333333333334
heuristic,404,3000,616,0.20533333333333334
heuristic,405,3000,610,0.20333333333333334
heuristic,406,3000,604,0.20133333333333334
heuristic,407,3000,599,0.19966666666666666
heuristic,408,3000,587,0.19566666666666666
heuristic,409,3000,579,0.193
heuristic,410,3000,571,0.19033333333333333
heuristic,411,3000,565,0.18833333333333332
heuristic,412,3000,558,0.186
heuristic,413,3000,552,0.184
heuristic,414,3000,544,0.18133333333333335
heuristic,415,3000,540,0.18
heuristic,416,3000,531,0.177
heuristic,417,3000,524,0.17466666666666666
heuristic,418,3000,520,0.17333333333333334
heuristic,419,3000,510,0.17
heuristic,420,3000,503,0.16766666666666666
heuristic,421,3000,495,0.165
heuristic,422,3000,486,0.162
heuristic,423,3000,475,0.15833333333333333
heuristic,424,3000,469,0.15633333333333332
heuristic,425,3000,465,0.155
heuristic,426,3000,459,0.153
heuristic,427,3000,449,0.14966666666666667
heuristic,428,3000,440,0.14666666666666667
heuristic,429,3000,433,0.14433333333333334
heuristic,430,3000,427,0.14233333333333334
heuristic,431,3000,419,0.13966666666666666
heuristic,432,3000,409,0.13633333333333333
heuristic,433,3000,399,0.133
heuristic,434,3000,387,0.129
heuristic,435,3000,377,0.12566666666666668
heuristic,436,3000,368,0.12266666666666666
heuristic,437,3000,354,0.118
heuristic,438,3000,346,0.11533333333333333
heuristic,439,3000,336,0.112
heuristic,440,3000,324,0.108
heuristic,441,3000,318,0.106
heuristic,442,3000,307,0.10233333333333333
heuristic,443,3000,298,0.09933333333333333
heuristic,444,3000,288,0.096
heuristic,445,3000,275,0.09166666666666666
heuristic,446,3000,258,0.086
heuristic,447,3000,252,0.084
heuristic,448,3000,243,0.081
heuristic,449,3000,235,0.07833333333333334
heuristic,450,3000,229,0.07633333333333334
heuristic,451,3000,224,0.07466666666666667
heuristic,452,3000,220,0.07333333333333333
heuristic,453,3000,212,0.07066666666666667
heuristic,454,3000,203,0.06766666666666667
heuristic,455,3000,202,0.06733333333333333
heuristic,456,3000,194,0.06466666666666666
heuristic,457,3000,189,0.063
heuristic,458,3000,184,0.06133333333333333
heuristic,459,3000,181,0.060333333333333336
heuristic,460,3000,179,0.059666666666666666
heuristic,461,3000,176,0.058666666666666666
heuristic,462,3000,172,0.05733333333333333
heuristic,463,3000,167,0.05566666666666667
heuristic,464,3000,163,0.05433333333333333
heuristic,465,3000,159,0.053
heuristic,466,3000,157,0.052333333333333336
heuristic,467,3000,153,0.051
heuristic,468,3000,150,0.05
heuristic,469,3000,147,0.049
heuristic,470,3000,146,0.048666666666666664
heuristic,471,3000,143,0.04766666666666667
heuristic,472,3000,140,0.04666666666666667
heuristic,473,3000,138,0.046
heuristic,474,3000,138,0.046
heuristic,475,3000,137,0.04566666666666667
heuristic,476,3000,133,0.044333333333333336
heuristic,477,3000,128,0.042666666666666665
heuristic,478,3000,126,0.042
heuristic,479,3000,122,0.04066666666666666
heuristic,480,3000,120,0.04
heuristic,481,3000,118,0.03933333333333333
heuristic,482,3000,117,0.039
heuristic,483,3000,115,0.03833333333333333
heuristic,484,3000,115,0.03833333333333333
heuristic,485,3000,115,0.03833333333333333
heuristic,486,3000,115,0.03833333333333333
heuristic,487,3000,112,0.037333333333333336
heuristic,488,3000,111,0.037
heuristic,489,3000,109,0.036333333333333336
heuristic,490,3000,109,0.036333333333333336
heuristic,491,3000,109,0.036333333333333336
heuristic,492,3000,108,0.036
heuristic,493,3000,108,0.036
heuristic,494,3000,105,0.035
heuristic,495,3000,104,0.034666666666666665
heuristic,496,3000,104,0.034666666666666665
heuristic,497,3000,104,0.034666666666666665
heuristic,498,3000,102,0.034
heuristic,499,3000,101,0.033666666666666664
heuristic,500,3000,100,0.03333333333333333
heuristic,501,3000,98,0.03266666666666666
heuristic,502,3000,96,0.032
heuristic,503,3000,94,0.03133333333333333
heuristic,504,3000,94,0.03133333333333333
heuristic,505,3000,93,0.031
heuristic,506,3000,92,0.030666666666666665
heuristic,507,3000,92,0.030666666666666665
heuristic,508,3000,91,0.030333333333333334
heuristic,509,3000,91,0.030333333333333334
heuristic,510,3000,90,0.03
heuristic,511,3000,89,0.029666666666666668
heuristic,512,3000,89,0.029666666666666668
heuristic,513,3000,88,0.029333333333333333
heuristic,514,3000,88,0.029333333333333333
heuristic,515,3000,88,0.029333333333333333
heuristic,516,3000,86,0.028666666666666667
heuristic,517,3000,86,0.028666666666666667
heuristic,518,3000,85,0.028333333333333332
heuristic,519,3000,84,0.028
heuristic,520,3000,82,0.027333333333333334
heuristic,521,3000,82,0.027333333333333334
heuristic,522,3000,82,0.027333333333333334
heuristic,523,3000,82,0.027333333333333334
heuristic,524,3000,81,0.027
heuristic,525,3000,80,0.02666666666666667
heuristic,526,3000,80,0.02666666666666667
heuristic,527,3000,79,0.026333333333333334
heuristic,528,3000,78,0.026
heuristic,529,3000,77,0.025666666666666667
heuristic,530,3000,77,0.025666666666666667
heuristic,531,3000,76,0.025333333333333333
heuristic,532,3000,75,0.025
heuristic,533,3000,74,0.024666666666666667
heuristic,534,3000,73,0.024333333333333332
heuristic,535,3000,72,0.024
heuristic,536,3000,71,0.023666666666666666
heuristic,537,3000,70,0.023333333333333334
heuristic,538,3000,68,0.02266666666666667
heuristic,539,3000,66,0.022
heuristic,540,3000,65,0.021666666666666667
heuristic,541,3000,65,0.021666666666666667
heuristic,542,3000,63,0.021
heuristic,543,3000,63,0.021
heuristic,544,3000,60,0.02
heuristic,545,3000,60,0.02
heuristic,546,3000,58,0.019333333333333334
heuristic,547,3000,58,0.019333333333333334
heuristic,548,3000,56,0.018666666666666668
heuristic,549,3000,55,0.018333333333333333
heuristic,550,3000,54,0.018
heuristic,551,3000,54,0.018
heuristic,552,3000,51,0.017
heuristic,553,3000,51,0.017
heuristic,554,3000,50,0.016666666666666666
heuristic,555,3000,48,0.016
heuristic,556,3000,47,0.015666666666666666
heuristic,557,3000,46,0.015333333333333332
heuristic,558,3000,43,0.014333333333333333
heuristic,559,3000,43,0.014333333333333333
heuristic,560,3000,43,0.014333333333333333
heuristic,561,3000,41,0.013666666666666667
heuristic,562,3000,39,0.013
heuristic,563,3000,39,0.013
heuristic,564,3000,37,0.012333333333333333
heuristic,565,3000,36,0.012
heuristic,566,3000,35,0.011666666666666667
heuristic,567,3000,35,0.011666666666666667
heuristic,568,3000,34,0.011333333333333334
heuristic,569,3000,34,0.011333333333333334
heuristic,570,3000,33,0.011
heuristic,571,3000,33,0.011
heuristic,572,3000,33,0.011
heuristic,573,3000,33,0.011
heuristic,574,3000,32,0.010666666666666666
heuristic,575,3000,32,0.010666666666666666
heuristic,576,3000,31,0.010333333333333333
heuristic,577,3000,31,0.010333333333333333
heuristic,578,3000,30,0.01
heuristic,579,3000,30,0.01
heuristic,580,3000,30,0.01
heuristic,581,3000,29,0.009666666666666667
heuristic,582,3000,29,0.009666666666666667
heuristic,583,3000,28,0.009333333333333334
heuristic,584,3000,27,0.009
heuristic,585,3000,27,0.009
heuristic,586,3000,27,0.009
heuristic,587,3000,27,0.009
heuristic,588,3000,27,0.009
heuristic,589,3000,27,0.009
heuristic,590,3000,26,0.008666666666666666
heuristic,591,3000,25,0.008333333333333333
heuristic,592,3000,25,0.008333333333333333
heuristic,593,3000,25,0.008333333333333333
heuristic,594,3000,25,0.008333333333333333
heuristic,595,3000,24,0.008
heuristic,596,3000,23,0.007666666666666666
heuristic,597,3000,23,0.007666666666666666
heuristic,598,3000,23,0.007666666666666666
heuristic,599,3000,23,0.007666666666666666
heuristic,600,3000,23,0.007666666666666666
heuristic,601,3000,23,0.007666666666666666
heuristic,602,3000,23,0.007666666666666666
heuristic,603,3000,23,0.007666666666666666
heuristic,604,3000,23,0.007666666666666666
heuristic,605,3000,22,0.007333333333333333
heuristic,606,3000,22,0.007333333333333333
heuristic,607,3000,22,0.007333333333333333
heuristic,608,3000,22,0.007333333333333333
heuristic,609,3000,21,0.007
heuristic,610,3000,21,0.007
heuristic,611,3000,19,0.006333333333333333
heuristic,612,3000,19,0.006333333333333333
heuristic,613,3000,18,0.006
heuristic,614,3000,18,0.006
heuristic,615,3000,18,0.006
heuristic,616,3000,18,0.006
heuristic,617,3000,18,0.006
heuristic,618,3000,18,0.006
heuristic,619,3000,18,0.006
heuristic,620,3000,18,0.006
heuristic,621,3000,18,0.006
heuristic,622,3000,18,0.006
heuristic,623,3000,18,0.006
heuristic,624,3000,18,0.006
heuristic,625,3000,18,0.006
heuristic,626,3000,17,0.005666666666666667
heuristic,627,3000,17,0.005666666666666667
heuristic,628,3000,17,0.005666666666666667
heuristic,629,3000,16,0.005333333333333333
heuristic,630,3000,15,0.005
heuristic,631,3000,15,0.005
heuristic,632,3000,14,0.004666666666666667
heuristic,633,3000,14,0.004666666666666667
heuristic,634,3000,14,0.004666666666666667
heuristic,635,3000,14,0.004666666666666667
heuristic,636,3000,14,0.004666666666666667
heuristic,637,3000,14,0.004666666666666667
heuristic,638,3000,14,0.004666666666666667
heuristic,639,3000,14,0.004666666666666667
heuristic,640,3000,14,0.004666666666666667
heuristic,641,3000,14,0.004666666666666667
heuristic,642,3000,14,0.004666666666666667
heuristic,643,3000,14,0.004666666666666667
heuristic,644,3000,14,0.004666666666666667
heuristic,645,3000,14,0.004666666666666667
heuristic,646,3000,14,0.004666666666666667
heuristic,647,3000,14,0.004666666666666667
heuristic,648,3000,13,0.004333333333333333
heuristic,649,3000,13,0.004333333333333333
heuristic,650,3000,13,0.004333333333333333
heuristic,651,3000,13,0.004333333333333333
heuristic,652,3000,12,0.004
heuristic,653,3000,11,0.0036666666666666666
heuristic,654,3000,11,0.0036666666666666666
heuristic,655,3000,10,0.0033333333333333335
heuristic,656,3000,10,0.0033333333333333335
heuristic,657,3000,9,0.003
heuristic,658,3000,8,0.0026666666666666666
heuristic,659,3000,7,0.0023333333333333335
heuristic,660,3000,7,0.0023333333333333335
heuristic,661,3000,7,0.0023333333333333335
heuristic,662,3000,7,0.0023333333333333335
heuristic,663,3000,7,0.0023333333333333335
heuristic,664,3000,7,0.0023333333333333335
heuristic,665,3000,7,0.0023333333333333335
heuristic,666,3000,7,0.0023333333333333335
heuristic,667,3000,6,0.002
heuristic,668,3000,6,0.002
heuristic,669,3000,6,0.002
heuristic,670,3000,6,0.002
heuristic,671,3000,5,0.0016666666666666668
heuristic,672,3000,5,0.0016666666666666668
heuristic,673,3000,5,0.0016666666666666668
heuristic,674,3000,5,0.0016666666666666668
heuristic,675,3000,5,0.0016666666666666668
heuristic,676,3000,5,0.0016666666666666668
heuristic,677,3000,5,0.0016666666666666668
heuristic,678,3000,5,0.0016666666666666668
heuristic,679,3000,5,0.0016666666666666668
heuristic,680,3000,4,0.0013333333333333333
heuristic,681,3000,4,0.0013333333333333333
heuristic,682,3000,2,0.0006666666666666666
heuristic,683,3000,2,0.0006666666666666666
heuristic,684,3000,2,0.0006666666666666666
heuristic,685,3000,2,0.0006666666666666666
heuristic,686,3000,2,0.0006666666666666666
heuristic,687,3000,2,0.0006666666666666666
heuristic,688,3000,2,0.0006666666666666666
heuristic,689,3000,2,0.0006666666666666666
heuristic,690,3000,2,0.0006666666666666666
heuristic,691,3000,2,0.0006666666666666666
heuristic,692,3000,2,0.0006666666666666666
heuristic,693,3000,2,0.0006666666666666666
heuristic,694,3000,2,0.0006666666666666666
heuristic,695,3000,2,0.0006666666666666666
heuristic,696,3000,2,0.0006666666666666666
heuristic,697,3000,2,0.0006666666666666666
heuristic,698,3000,2,0.0006666666666666666
heuristic,699,3000,2,0.0006666666666666666
heuristic,700,3000,2,0.0006666666666666666
heuristic,701,3000,2,0.0006666666666666666
heuristic,702,3000,2,0.0006666666666666666
heuristic,703,3000,2,0.0006666666666666666
heuristic,704,3000,1,0.0003333333333333333
heuristic,705,3000,1,0.0003333333333333333
heuristic,706,3000,1,0.0003333333333333333
heuristic,707,3000,1,0.0003333333333333333
heuristic,708,3000,1,0.0003333333333333333
heuristic,709,3000,1,0.0003333333333333333
heuristic,710,3000,1,0.0003333333333333333
heuristic,711,3000,1,0.0003333333333333333
heuristic,712,3000,1,0.0003333333333333333
heuristic,713,3000,1,0.0003333333333333333
heuristic,714,3000,1,0.0003333333333333333
heuristic,715,3000,1,0.0003333333333333333
heuristic,716,3000,1,0.0003333333333333333
heuristic,717,3000,1,0.0003333333333333333
heuristic,718,3000,1,0.0003333333333333333
heuristic,719,3000,1,0.0003333333333333333
heuristic,720,3000,1,0.0003333333333333333
heuristic,721,3000,1,0.0003333333333333333
heuristic,722,3000,1,0.0003333333333333333
heuristic,723,3000,1,0.0003333333333333333
heuristic,724,3000,1,0.0003333333333333333
heuristic,725,3000,1,0.0003333333333333333
heuristic,726,3000,1,0.0003333333333333333
heuristic,727,3000,1,0.0003333333333333333
heuristic,728,3000,1,0.0003333333333333333
heuristic,729,3000,1,0.0003333333333333333
heuristic,730,3000,1,0.0003333333333333333
heuristic,731,3000,1,0.0003333333333333333
heuristic,732,3000,1,0.0003333333333333333
heuristic,733,3000,1,0.0003333333333333333
heuristic,734,3000,1,0.0003333333333333333
heuristic,735,3000,1,0.0003333333333333333
heuristic,736,3000,1,0.0003333333333333333
heuristic,737,3000,1,0.0003333333333333333
heuristic,738,3000,1,0.0003333333333333333
heuristic,739,3000,1,0.0003333333333333333
heuristic,740,3000,1,0.0003333333333333333
heuristic,741,3000,1,0.0003333333333333333
heuristic,742,3000,1,0.0003333333333333333
heuristic,743,3000,1,0.0003333333333333333
heuristic,744,3000,1,0.0003333333333333333
heuristic,745,3000,1,0.0003333333333333333
heuristic,746,3000,1,0.0003333333333333333
heuristic,747,3000,1,0.0003333333333333333
heuristic,748,3000,1,0.0003333333333333333
heuristic,749,3000,1,0.0003333333333333333
heuristic,750,3000,1,0.0003333333333333333
heuristic,751,3000,1,0.0003333333333333333
heuristic,752,3000,1,0.0003333333333333333
heuristic,753,3000,1,0.0003333333333333333
heuristic,754,3000,1,0.0003333333333333333
heuristic,755,3000,1,0.0003333333333333333
heuristic,756,3000,1,0.0003333333333333333
heuristic,757,3000,1,0.0003333333333333333
heuristic,758,3000,1,0.0003333333333333333
heuristic,759,3000,1,0.0003333333333333333
random,0,3000,3000,1.0
random,1,3000,3000,1.0
random,2,3000,3000,1.0
random,3,3000,3000,1.0
random,4,3000,3000,1.0
random,5,3000,3000,1.0
random,6,3000,3000,1.0
random,7,3000,3000,1.0
random,8,3000,3000,1.0
random,9,3000,3000,1.0
random,10,3000,3000,1.0
random,11,3000,3000,1.0
random,12,3000,3000,1.0
random,13,3000,3000,1.0
random,14,3000,3000,1.0
random,15,3000,3000,1.0
random,16,3000,3000,1.0
random,17,3000,3000,1.0
random,18,3000,3000,1.0
random,19,3000,3000,1.0
random,20,3000,3000,1.0
random,21,3000,3000,1.0
random,22,3000,3000,1.0
random,23,3000,3000,1.0
random,24,3000,3000,1.0
random,25,3000,3000,1.0
random,26,3000,3000,1.0
random,27,3000,2999,0.9996666666666667
random,28,3000,2999,0.9996666666666667
random,29,3000,2999,0.9996666666666667
random,30,3000,2999,0.9996666666666667
random,31,3000,2999,0.9996666666666667
random,32,3000,2999,0.9996666666666667
random,33,3000,2999,0.9996666666666667
random,34,3000,2998,0.9993333333333333
random,35,3000,2998,0.9993333333333333
random,36,3000,2996,0.9986666666666667
random,37,3000,2993,0.9976666666666667
random,38,3000,2991,0.997
random,39,3000,2990,0.9966666666666667
random,40,3000,2983,0.9943333333333333
random,41,3000,2978,0.9926666666666667
random,42,3000,2974,0.9913333333333333
random,43,3000,2970,0.99
random,44,3000,2961,0.987
random,45,3000,2960,0.9866666666666667
random,46,3000,2956,0.9853333333333333
random,47,3000,2948,0.9826666666666667
random,48,3000,2941,0.9803333333333333
random,49,3000,2927,0.9756666666666667
random,50,3000,2919,0.973
random,51,3000,2905,0.9683333333333334
random,52,3000,2894,0.9646666666666667
random,53,3000,2884,0.9613333333333334
random,54,3000,2868,0.956
random,55,3000,2857,0.9523333333333334
random,56,3000,2843,0.9476666666666667
random,57,3000,2831,0.9436666666666667
random,58,3000,2817,0.939
random,59,3000,2803,0.9343333333333333
random,60,3000,2789,0.9296666666666666
random,61,3000,2765,0.9216666666666666
random,62,3000,2756,0.9186666666666666
random,63,3000,2736,0.912
random,64,3000,2714,0.9046666666666666
random,65,3000,2707,0.9023333333333333
random,66,3000,2686,0.8953333333333333
random,67,3000,2665,0.8883333333333333
random,68,3000,2635,0.8783333333333333
random,69,3000,2615,0.8716666666666667
random,70,3000,2579,0.8596666666666667
random,71,3000,2546,0.8486666666666667
random,72,3000,2513,0.8376666666666667
random,73,3000,2475,0.825
random,74,3000,2445,0.815
random,75,3000,2415,0.805
random,76,3000,2377,0.7923333333333333
random,77,3000,2340,0.78
random,78,3000,2301,0.767
random,79,3000,2268,0.756
random,80,3000,2223,0.741
random,81,3000,2173,0.7243333333333334
random,82,3000,2134,0.7113333333333334
random,83,3000,2086,0.6953333333333334
random,84,3000,2047,0.6823333333333333
random,85,3000,2004,0.668
random,86,3000,1971,0.657
random,87,3000,1938,0.646
random,88,3000,1904,0.6346666666666667
random,89,3000,1866,0.622
random,90,3000,1836,0.612
random,91,3000,1800,0.6
random,92,3000,1771,0.5903333333333334
random,93,3000,1737,0.579
random,94,3000,1711,0.5703333333333334
random,95,3000,1680,0.56
random,96,3000,1644,0.548
random,97,3000,1607,0.5356666666666666
random,98,3000,1572,0.524
random,99,3000,1538,0.5126666666666667
random,100,3000,1508,0.5026666666666667
random,101,3000,1476,0.492
random,102,3000,1443,0.481
random,103,3000,1405,0.4683333333333333
random,104,3000,1381,0.4603333333333333
random,105,3000,1356,0.452
random,106,3000,1321,0.44033333333333335
random,107,3000,1294,0.43133333333333335
random,108,3000,1268,0.4226666666666667
random,109,3000,1244,0.4146666666666667
random,110,3000,1214,0.4046666666666667
random,111,3000,1181,0.39366666666666666
random,112,3000,1144,0.38133333333333336
random,113,3000,1118,0.37266666666666665
random,114,3000,1086,0.362
random,115,3000,1062,0.354
random,116,3000,1034,0.3446666666666667
random,117,3000,1002,0.334
random,118,3000,966,0.322
random,119,3000,941,0.31366666666666665
random,120,3000,916,0.30533333333333335
random,121,3000,889,0.29633333333333334
random,122,3000,858,0.286
random,123,3000,831,0.277
random,124,3000,802,0.2673333333333333
random,125,3000,775,0.25833333333333336
random,126,3000,737,0.24566666666666667
random,127,3000,712,0.23733333333333334
random,128,3000,686,0.22866666666666666
random,129,3000,656,0.21866666666666668
random,130,3000,627,0.209
random,131,3000,599,0.19966666666666666
random,132,3000,580,0.19333333333333333
random,133,3000,546,0.182
random,134,3000,514,0.17133333333333334
random,135,3000,476,0.15866666666666668
random,136,3000,452,0.15066666666666667
random,137,3000,432,0.144
random,138,3000,415,0.13833333333333334
random,139,3000,393,0.131
random,140,3000,378,0.126
random,141,3000,363,0.121
random,142,3000,346,0.11533333333333333
random,143,3000,333,0.111
random,144,3000,319,0.10633333333333334
random,145,3000,304,0.10133333333333333
random,146,3000,296,0.09866666666666667
random,147,3000,289,0.09633333333333334
random,148,3000,275,0.09166666666666666
random,149,3000,264,0.088
random,150,3000,259,0.08633333333333333
random,151,3000,248,0.08266666666666667
random,152,3000,240,0.08
random,153,3000,234,0.078
random,154,3000,229,0.07633333333333334
random,155,3000,223,0.07433333333333333
random,156,3000,215,0.07166666666666667
random,157,3000,211,0.07033333333333333
random,158,3000,207,0.069
random,159,3000,198,0.066
random,160,3000,195,0.065
random,161,3000,187,0.06233333333333333
random,162,3000,183,0.061
random,163,3000,179,0.059666666666666666
random,164,3000,176,0.058666666666666666
random,165,3000,173,0.057666666666666665
random,166,3000,169,0.05633333333333333
random,167,3000,165,0.055
random,168,3000,161,0.05366666666666667
random,169,3000,153,0.051
random,170,3000,148,0.04933333333333333
random,171,3000,143,0.04766666666666667
random,172,3000,137,0.04566666666666667
random,173,3000,130,0.043333333333333335
random,174,3000,125,0.041666666666666664
random,175,3000,124,0.04133333333333333
random,176,3000,119,0.03966666666666667
random,177,3000,118,0.03933333333333333
random,178,3000,116,0.03866666666666667
random,179,3000,112,0.037333333333333336
random,180,3000,109,0.036333333333333336
random,181,3000,108,0.036
random,182,3000,100,0.03333333333333333
random,183,3000,95,0.03166666666666667
random,184,3000,93,0.031
random,185,3000,91,0.030333333333333334
random,186,3000,87,0.029
random,187,3000,83,0.027666666666666666
random,188,3000,76,0.025333333333333333
random,189,3000,71,0.023666666666666666
random,190,3000,68,0.02266666666666667
random,191,3000,66,0.022
random,192,3000,63,0.021
random,193,3000,59,0.019666666666666666
random,194,3000,58,0.019333333333333334
random,195,3000,55,0.018333333333333333
random,196,3000,50,0.016666666666666666
random,197,3000,48,0.016
random,198,3000,47,0.015666666666666666
random,199,3000,47,0.015666666666666666
random,200,3000,43,0.014333333333333333
random,201,3000,42,0.014
random,202,3000,41,0.013666666666666667
random,203,3000,37,0.012333333333333333
random,204,3000,36,0.012
random,205,3000,34,0.011333333333333334
random,206,3000,34,0.011333333333333334
random,207,3000,33,0.011
random,208,3000,32,0.010666666666666666
random,209,3000,32,0.010666666666666666
random,210,3000,28,0.009333333333333334
random,211,3000,26,0.008666666666666666
random,212,3000,22,0.007333333333333333
random,213,3000,19,0.006333333333333333
random,214,3000,17,0.005666666666666667
random,215,3000,17,0.005666666666666667
random,216,3000,16,0.005333333333333333
random,217,3000,16,0.005333333333333333
random,218,3000,15,0.005
random,219,3000,14,0.004666666666666667
random,220,3000,13,0.004333333333333333
random,221,3000,13,0.004333333333333333
random,222,3000,11,0.0036666666666666666
random,223,3000,10,0.0033333333333333335
random,224,3000,8,0.0026666666666666666
random,225,3000,7,0.0023333333333333335
random,226,3000,6,0.002
random,227,3000,6,0.002
random,228,3000,6,0.002
random,229,3000,6,0.002
random,230,3000,6,0.002
random,231,3000,6,0.002
random,232,3000,6,0.002
random,233,3000,4,0.0013333333333333333
random,234,3000,3,0.001
random,235,3000,3,0.001
random,236,3000,3,0.001
random,237,3000,2,0.0006666666666666666
random,238,3000,2,0.0006666666666666666
random,239,3000,2,0.0006666666666666666
random,240,3000,2,0.0006666666666666666
random,241,3000,2,0.0006666666666666666
random,242,3000,2,0.0006666666666666666
random,243,3000,1,0.0003333333333333333
random,244,3000,1,0.0003333333333333333
random,245,3000,1,0.0003333333333333333
random,246,3000,1,0.0003333333333333333
random,247,3000,1,0.0003333333333333333
random,248,3000,1,0.0003333333333333333
random,249,3000,1,0.0003333333333333333
random,250,3000,1,0.0003333333333333333
random,251,3000,1,0.0003333333333333333
random,252,3000,1,0.0003333333333333333
