{
  "model_type": "ridge",
  "feature_names": [
    "log_c0",
    "log_c1",
    "log_c2",
    "log_c3",
    "log_c4",
    "log_c5",
    "log_c6",
    "log_c7",
    "log_c8",
    "log_c9",
    "log_c10",
    "log_c11",
    "log_c12",
    "log_c13",
    "log_c14",
    "log_c15",
    "score",
    "step",
    "max_tile_in_corner",
    "empty_count",
    "max_tile_log2",
    "sum_tiles",
    "mergeable_count",
    "monotonicity",
    "max_tile_position",
    "max_tile_on_edge",
    "non_zero_count"
  ],
  "weights": [
    291.3322076921469,
    227.2774769829377,
    226.0083851560469,
    305.25267973954726,
    217.97285622384203,
    207.58073729759718,
    207.11479450613675,
    218.39499058540065,
    219.54269882090034,
    203.80372069110132,
    201.7795697237485,
    219.44350779889706,
    306.78950987428624,
    214.03741545331167,
    218.36364109214094,
    300.9285284144678,
    0.7200920224820089,
    0.2198719425805776,
    -1871.3663414088696,
    735.3775647345462,
    522.0670230212156,
    -7.862112407447634,
    673.5952004739887,
    -1.578901480750918,
    39.854064572005505,
    338.9047293069371,
    -735.377255146258
  ],
  "bias": 2191.0844339709374
}